VendorID,lpep_pickup_datetime,lpep_dropoff_datetime,store_and_fwd_flag,RatecodeID,PULocationID,DOLocationID,passenger_count,trip_distance,fare_amount,extra,mta_tax,tip_amount,tolls_amount,ehail_fee,improvement_surcharge,total_amount,payment_type,trip_type,congestion_surcharge
2,2019-12-18 15:52:30,2019-12-18 15:54:39,N,1,264,264,5,.00,3.5,0.5,0.5,0.01,0,,0.3,4.81,1,1,0
2,2020-01-01 00:45:58,2020-01-01 00:56:39,N,5,66,65,2,1.28,20,0,0,4.06,0,,0.3,24.36,1,2,0
2,2020-01-01 00:41:38,2020-01-01 00:52:49,N,1,181,228,1,2.47,10.5,0.5,0.5,3.54,0,,0.3,15.34,1,1,0
1,2020-01-01 00:52:46,2020-01-01 01:14:21,N,1,129,263,2,6.30,21,3.25,0.5,0,0,,0.3,25.05,2,1,2.75
1,2020-01-01 00:19:57,2020-01-01 00:30:56,N,1,210,150,1,2.30,10,0.5,0.5,0,0,,0.3,11.3,1,1,0
1,2020-01-01 00:52:33,2020-01-01 01:09:54,N,1,35,39,1,3.00,13.5,0.5,0.5,0,0,,0.3,14.8,1,1,0
2,2020-01-01 00:10:18,2020-01-01 00:22:16,N,1,25,61,1,2.77,11,0.5,0.5,0,0,,0.3,12.3,2,1,0
2,2020-01-01 01:03:14,2020-01-01 01:29:45,N,1,225,89,1,4.98,20.5,0.5,0.5,0,0,,0.3,21.8,2,1,0
2,2020-01-01 00:04:11,2020-01-01 00:09:48,N,1,129,129,1,.71,5.5,0.5,0.5,0,0,,0.3,6.8,2,1,0
2,2020-01-01 00:25:52,2020-01-01 00:32:16,N,1,129,83,1,.80,5.5,0.5,0.5,0,0,,0.3,6.8,2,1,0
2,2020-01-01 00:47:32,2020-01-01 00:59:25,N,1,82,173,1,1.52,9.5,0.5,0.5,0,0,,0.3,10.8,2,1,0
1,2020-01-01 00:26:40,2020-01-01 00:40:42,N,1,74,69,1,3.80,14,0.5,0.5,0,0,,0.3,15.3,2,1,0
2,2020-01-01 00:38:47,2020-01-01 00:46:02,N,1,74,41,1,1.12,6.5,0.5,0.5,0,0,,0.3,7.8,1,1,0
2,2020-01-01 00:52:18,2020-01-01 01:09:58,N,1,41,127,1,5.67,19,0.5,0.5,0,0,,0.3,20.3,2,1,0
2,2020-01-01 00:16:01,2020-01-01 00:26:40,N,1,7,260,1,1.86,9.5,0.5,0.5,0,0,,0.3,10.8,2,1,0
2,2020-01-01 00:21:15,2020-01-01 00:28:03,N,1,7,7,1,1.42,7,0.5,0.5,0,0,,0.3,8.3,2,1,0
2,2020-01-01 00:35:42,2020-01-01 01:02:00,N,1,7,133,1,15.48,43,0.5,0.5,8.86,0,,0.3,53.16,1,1,0
2,2020-01-01 00:39:51,2020-01-01 00:42:54,N,1,134,28,1,1.15,5.5,0.5,0.5,1,0,,0.3,7.8,1,1,0
1,2020-01-01 00:00:21,2020-01-01 00:10:19,N,1,89,39,1,2.30,10,0.5,0.5,0,0,,0.3,11.3,2,1,0
1,2020-01-01 00:13:59,2020-01-01 00:21:31,N,1,66,65,3,1.00,6.5,0.5,0.5,0,0,,0.3,7.8,2,1,0
1,2020-01-01 00:05:13,2020-01-01 00:06:49,N,1,116,244,1,.40,3.5,0.5,0.5,0,0,,0.3,4.8,4,1,0
1,2020-01-01 00:41:50,2020-01-01 01:00:20,N,1,167,41,1,3.40,14.5,0.5,0.5,0,0,,0.3,15.8,4,1,0
2,2020-01-01 00:14:07,2020-01-01 00:24:32,N,1,82,92,2,2.55,10,0.5,0.5,0,0,,0.3,11.3,2,1,0
2,2020-01-01 00:43:33,2020-01-01 00:44:02,N,5,264,264,1,.28,5.55,0,0,10,0,,0,15.55,1,2,0
2,2020-01-01 00:35:29,2020-01-01 00:38:00,N,1,223,223,1,.29,3.5,0.5,0.5,0.96,0,,0.3,5.76,1,1,0
2,2020-01-01 00:13:38,2020-01-01 00:23:22,N,1,42,151,1,2.02,9.5,0.5,0.5,0,0,,0.3,10.8,2,1,0
2,2020-01-01 00:26:48,2020-01-01 00:36:57,N,1,166,74,1,1.62,9,0.5,0.5,0,0,,0.3,10.3,2,1,0
2,2020-01-01 00:46:58,2020-01-01 00:58:53,N,1,41,42,1,1.95,9.5,0.5,0.5,0,0,,0.3,10.8,1,1,0
2,2020-01-01 00:48:49,2020-01-01 01:01:52,N,1,134,129,2,7.53,22,0.5,0.5,0,0,,0.3,23.3,2,1,0
2,2020-01-01 00:32:00,2020-01-01 00:49:06,N,1,181,256,1,3.48,14,0.5,0.5,3.06,0,,0.3,18.36,1,1,0
2,2020-01-01 00:49:54,2020-01-01 01:03:35,N,1,256,260,1,5.85,18,0.5,0.5,4.82,0,,0.3,24.12,1,1,0
2,2020-01-01 00:10:05,2020-01-01 00:13:54,N,1,243,243,1,.75,4.5,0.5,0.5,0,0,,0.3,5.8,2,1,0
1,2020-01-01 00:19:52,2020-01-01 00:23:32,N,1,42,42,1,.40,4,0.5,0.5,0,0,,0.3,5.3,2,1,0
2,2020-01-01 00:04:20,2020-01-01 00:10:51,N,1,82,56,1,1.58,7,0.5,0.5,0,0,,0.3,8.3,2,1,0
2,2020-01-01 00:31:21,2020-01-01 00:37:57,N,1,82,129,3,1.20,6.5,0.5,0.5,0,0,,0.3,7.8,2,1,0
2,2020-01-01 00:39:35,2020-01-01 00:56:22,N,1,7,263,1,4.47,15.5,0.5,0.5,2.93,0,,0.3,22.48,1,1,2.75
1,2020-01-01 00:20:15,2020-01-01 00:32:41,N,1,181,80,1,4.30,14.5,0.5,0.5,2.5,0,,0.3,18.3,1,1,0
1,2020-01-01 00:47:38,2020-01-01 01:12:17,N,1,65,237,2,8.10,25,3.25,0.5,0,0,,0.3,29.05,2,1,2.75
2,2020-01-01 00:05:55,2020-01-01 00:12:05,N,1,223,7,1,1.13,6.5,0.5,0.5,0,0,,0.3,7.8,2,1,0
1,2020-01-01 00:06:13,2020-01-01 00:13:12,N,1,166,152,3,1.30,7,0.5,0.5,0,0,,0.3,8.3,2,1,0
1,2020-01-01 00:21:57,2020-01-01 00:31:48,N,1,166,239,2,1.70,9,3.25,0.5,3.25,0,,0.3,16.3,1,1,2.75
1,2020-01-01 00:48:03,2020-01-01 01:03:28,N,1,166,236,2,2.80,13,3.25,0.5,3,0,,0.3,20.05,1,1,2.75
2,2020-01-01 00:08:42,2020-01-01 00:13:22,N,1,41,43,1,.54,4.5,0.5,0.5,0,0,,0.3,5.8,2,1,0
2,2020-01-01 00:14:14,2020-01-01 00:31:15,N,1,43,162,1,3.63,14.5,0.5,0.5,3.71,0,,0.3,22.26,1,1,2.75
2,2020-01-01 00:58:57,2020-01-01 01:07:46,N,1,75,238,1,1.77,8.5,0.5,0.5,1.96,0,,0.3,11.76,1,1,0
2,2020-01-01 00:56:51,2020-01-01 01:16:59,N,5,33,164,5,6.00,75,0,0,0.05,0,,0.3,78.1,1,2,2.75
2,2020-01-01 00:31:26,2020-01-01 00:41:09,N,1,52,228,1,2.56,10,0.5,0.5,2.82,0,,0.3,14.12,1,1,0
2,2020-01-01 00:48:55,2020-01-01 01:02:08,N,1,181,89,1,2.61,12,0.5,0.5,3.32,0,,0.3,16.62,1,1,0
2,2020-01-01 00:48:00,2020-01-01 01:06:30,N,1,256,146,1,3.62,15.5,0.5,0.5,3.36,0,,0.3,20.16,1,1,0
1,2020-01-01 00:25:52,2020-01-01 00:31:45,N,1,41,238,1,1.60,7,3.25,0.5,0,0,,0.3,11.05,2,1,2.75
2,2020-01-01 00:59:14,2020-01-01 01:45:48,N,1,256,129,1,10.95,33,0.5,0.5,0,0,,0.3,34.3,2,1,0
1,2020-01-01 00:59:38,2020-01-01 01:17:38,N,1,257,22,1,4.30,16.5,0.5,0.5,0,0,,0.3,17.8,2,1,0
2,2020-01-01 00:45:30,2020-01-01 01:08:49,N,1,181,256,1,3.50,17.5,0.5,0.5,5.64,0,,0.3,24.44,1,1,0
2,2020-01-01 00:05:40,2020-01-01 00:12:06,N,1,75,75,1,.95,6,0.5,0.5,0,0,,0.3,7.3,2,1,0
2,2020-01-01 00:33:30,2020-01-01 00:46:22,N,1,41,262,1,2.64,11,0.5,0.5,3.01,0,,0.3,18.06,1,1,2.75
1,2020-01-01 00:17:04,2020-01-01 00:21:00,N,1,112,112,1,.90,5,0.5,0.5,5,0,,0.3,11.3,1,1,0
1,2020-01-01 00:34:36,2020-01-01 00:58:26,N,1,256,246,1,5.20,20,3.25,0.5,4.8,0,,0.3,28.85,1,1,2.75
2,2020-01-01 00:37:12,2020-01-01 00:44:30,N,1,255,112,1,1.24,7,0.5,0.5,2.08,0,,0.3,10.38,1,1,0
2,2020-01-01 00:58:34,2020-01-01 01:20:55,N,1,255,65,1,3.39,15.5,0.5,0.5,0,0,,0.3,16.8,2,1,0
1,2020-01-01 00:43:43,2020-01-01 01:14:39,N,1,37,150,1,.00,28.2,0,0.5,0,0,,0.3,29,1,1,0
2,2020-01-01 00:16:20,2020-01-01 00:31:25,N,1,112,87,3,5.72,18.5,0.5,0.5,4,0,,0.3,26.55,1,1,2.75
2,2020-01-01 00:22:39,2020-01-01 00:54:49,N,1,41,79,1,8.76,29.5,0.5,0.5,0,0,,0.3,33.55,2,1,2.75
2,2020-01-01 00:10:05,2020-01-01 00:15:02,N,1,74,263,1,1.63,6.5,0.5,0.5,0,0,,0.3,10.55,2,1,2.75
2,2020-01-01 00:28:07,2020-01-01 00:42:19,N,1,75,42,1,2.92,12,0.5,0.5,0,0,,0.3,13.3,2,1,0
2,2020-01-01 00:45:42,2020-01-01 00:50:00,N,1,42,41,1,.81,5.5,0.5,0.5,0,0,,0.3,6.8,2,1,0
2,2020-01-01 00:50:55,2020-01-01 00:58:01,N,1,41,42,1,1.42,7,0.5,0.5,0,0,,0.3,8.3,2,1,0
1,2020-01-01 00:47:50,2020-01-01 00:54:50,N,1,129,129,1,1.20,7,0.5,0.5,1.65,0,,0.3,9.95,1,1,0
2,2020-01-01 00:24:23,2020-01-01 00:31:01,N,1,74,74,1,.82,6,0.5,0.5,0,0,,0.3,7.3,2,1,0
2,2020-01-01 00:44:59,2020-01-01 00:51:31,N,1,74,152,1,1.17,6.5,0.5,0.5,0,0,,0.3,7.8,2,1,0
2,2020-01-01 00:55:15,2020-01-01 01:16:29,N,1,166,161,1,6.20,22,0.5,0.5,0,0,,0.3,26.05,2,1,2.75
2,2020-01-01 00:45:58,2020-01-01 00:57:37,N,1,145,179,6,2.56,11,0.5,0.5,0,0,,0.3,12.3,2,1,0
2,2020-01-01 00:23:05,2020-01-01 00:32:14,N,1,65,181,1,1.57,8.5,0.5,0.5,0,0,,0.3,9.8,2,1,0
2,2020-01-01 00:37:13,2020-01-01 01:01:25,N,1,181,123,1,5.68,21.5,0.5,0.5,0.01,0,,0.3,22.81,1,1,0
1,2020-01-01 00:37:49,2020-01-01 00:50:11,N,1,7,145,1,2.20,10.5,0.5,0.5,2.35,0,,0.3,14.15,1,1,0
2,2020-01-01 00:49:56,2020-01-01 00:52:11,N,1,75,74,1,.69,4,0.5,0.5,0,0,,0.3,5.3,2,1,0
2,2020-01-01 00:57:32,2020-01-01 01:02:45,N,1,41,74,1,.88,5.5,0.5,0.5,0,0,,0.3,6.8,2,1,0
2,2020-01-01 00:58:51,2020-01-01 01:01:21,N,1,42,42,1,.48,4,0.5,0.5,0,0,,0.3,5.3,2,1,0
2,2020-01-01 00:15:34,2020-01-01 00:25:22,N,1,260,129,1,1.63,8.5,0.5,0.5,0,0,,0.3,9.8,2,1,0
2,2020-01-01 00:43:04,2020-01-01 00:43:07,N,5,173,264,1,.12,45,0,0,0.88,0,,0.3,46.18,1,2,0
2,2020-01-01 00:31:50,2020-01-01 00:45:14,N,1,243,153,1,2.96,12,0.5,0.5,2.66,0,,0.3,15.96,1,1,0
2,2020-01-01 00:01:04,2020-01-01 00:04:49,N,1,75,74,1,1.35,6,0.5,0.5,1.46,0,,0.3,8.76,1,1,0
2,2020-01-01 00:13:04,2020-01-01 00:19:41,N,1,75,263,1,1.35,7,0.5,0.5,2.21,0,,0.3,13.26,1,1,2.75
2,2020-01-01 00:34:56,2020-01-01 00:41:16,N,1,42,74,1,1.05,6.5,0.5,0.5,1.56,0,,0.3,9.36,1,1,0
2,2020-01-01 00:46:47,2020-01-01 01:00:35,N,1,74,244,1,2.65,11.5,0.5,0.5,0,0,,0.3,12.8,2,1,0
2,2020-01-01 00:08:29,2020-01-01 00:12:23,N,1,75,75,1,.84,5,0.5,0.5,0,0,,0.3,6.3,2,1,0
2,2020-01-01 00:29:31,2020-01-01 00:50:20,N,1,41,140,1,3.23,15.5,0.5,0.5,0,0,,0.3,19.55,2,1,2.75
2,2020-01-01 00:59:31,2020-01-01 01:05:31,N,1,75,75,1,.98,6,0.5,0.5,1.46,0,,0.3,8.76,1,1,0
2,2020-01-01 00:29:00,2020-01-01 00:41:15,N,1,130,218,2,2.67,11,0.5,0.5,2.46,0,,0.3,14.76,1,1,0
2,2020-01-01 00:11:22,2020-01-01 00:18:01,N,1,41,152,1,1.47,7.5,0.5,0.5,0,0,,0.3,8.8,2,1,0
2,2020-01-01 00:22:35,2020-01-01 00:30:57,N,1,41,116,1,1.77,8,0.5,0.5,0,0,,0.3,9.3,2,1,0
2,2020-01-01 00:21:51,2020-01-01 00:27:37,N,1,95,134,1,1.16,6.5,0.5,0.5,1.56,0,,0.3,9.36,1,1,0
2,2020-01-01 00:19:22,2020-01-01 00:19:25,N,5,192,264,1,.00,12,0,0,0,0,,0.3,12.3,1,2,0
2,2020-01-01 00:38:29,2020-01-01 00:50:53,N,1,42,151,1,2.31,11,0.5,0.5,2,0,,0.3,14.3,1,1,0
2,2020-01-01 00:58:55,2020-01-01 01:17:15,N,1,41,243,1,4.66,17,0.5,0.5,3.66,0,,0.3,21.96,1,1,0
2,2020-01-01 00:11:29,2020-01-01 00:18:45,N,1,244,243,1,1.38,7,0.5,0.5,2.49,0,,0.3,10.79,1,1,0
2,2020-01-01 00:22:05,2020-01-01 00:34:15,N,1,243,238,1,5.23,17,0.5,0.5,5.26,0,,0.3,26.31,1,1,2.75
2,2020-01-01 00:44:38,2020-01-01 00:56:11,N,1,166,243,1,3.54,12.5,0.5,0.5,0,0,,0.3,13.8,2,1,0
2,2020-01-01 00:58:27,2020-01-01 01:08:02,N,1,95,192,1,2.38,9.5,0.5,0.5,0,0,,0.3,10.8,2,1,0
2,2020-01-01 00:45:05,2020-01-01 00:45:09,N,5,244,244,1,.00,7,0,0,0,0,,0.3,7.3,1,2,0
2,2020-01-01 00:23:52,2020-01-01 00:30:39,N,1,42,42,1,1.01,6.5,0.5,0.5,0,0,,0.3,7.8,2,1,0
2,2020-01-01 00:31:50,2020-01-01 00:52:29,N,1,42,45,1,9.79,29.5,0.5,0.5,0,0,,0.3,33.55,2,1,2.75
2,2020-01-01 00:18:41,2020-01-01 00:25:19,N,1,49,25,1,1.29,7,0.5,0.5,0,0,,0.3,8.3,2,1,0
2,2020-01-01 00:26:12,2020-01-01 00:29:12,N,1,25,33,1,.58,4.5,0.5,0.5,1.16,0,,0.3,6.96,1,1,0
2,2020-01-01 00:33:19,2020-01-01 00:36:46,N,1,25,25,1,.70,4.5,0.5,0.5,0,0,,0.3,5.8,2,1,0
2,2020-01-01 00:42:52,2020-01-01 01:09:19,N,1,97,158,1,4.64,20,0.5,0.5,10,0,,0.3,34.05,1,1,2.75
2,2020-01-01 00:29:57,2020-01-01 00:36:20,N,1,152,166,1,.96,6.5,0.5,0.5,0,0,,0.3,7.8,2,1,0
2,2020-01-01 00:42:17,2020-01-01 00:59:03,N,1,166,74,1,1.98,12,0.5,0.5,0,0,,0.3,13.3,2,1,0
2,2020-01-01 00:48:29,2020-01-01 01:20:40,N,1,166,87,1,10.04,32.5,0.5,0.5,0,0,,0.3,36.55,2,1,2.75
2,2020-01-01 00:14:30,2020-01-01 00:25:40,N,1,25,97,1,1.27,8.5,0.5,0.5,0,0,,0.3,9.8,2,1,0
2,2020-01-01 00:28:30,2020-01-01 00:41:37,N,1,97,148,1,2.75,11.5,0.5,0.5,0,0,,0.3,15.55,2,1,2.75
2,2020-01-01 00:29:01,2020-01-01 00:29:18,N,1,33,33,1,.01,2.5,0.5,0.5,0,0,,0.3,3.8,2,1,0
1,2020-01-01 00:03:33,2020-01-01 00:11:36,N,1,7,146,1,1.60,8,0.5,0.5,0,0,,0.3,9.3,2,1,0
1,2020-01-01 00:42:56,2020-01-01 00:47:45,N,1,7,7,1,1.00,5.5,0.5,0.5,10,0,,0.3,16.8,1,1,0
1,2020-01-01 00:57:18,2020-01-01 01:16:15,N,1,7,168,1,5.30,19,0.5,0.5,0,6.12,,0.3,26.42,1,1,0
2,2020-01-01 00:35:44,2020-01-01 00:56:05,N,1,181,256,2,3.71,17,0.5,0.5,1.83,0,,0.3,20.13,1,1,0
2,2020-01-01 00:15:03,2020-01-01 00:27:54,N,1,260,226,1,2.32,10.5,0.5,0.5,0,0,,0.3,11.8,2,1,0
2,2020-01-01 00:29:58,2020-01-01 00:46:07,N,1,226,56,1,3.81,15,0.5,0.5,0,0,,0.3,16.3,2,1,0
2,2020-01-01 00:56:26,2020-01-01 01:23:55,N,1,82,53,1,5.33,21.5,0.5,0.5,0,0,,0.3,22.8,2,1,0
2,2019-12-31 23:08:44,2019-12-31 23:13:19,N,1,41,42,1,.67,5,0.5,0.5,0,0,,0.3,6.3,2,1,0
2,2019-12-31 23:25:03,2019-12-31 23:33:50,N,1,42,168,1,1.31,8,0.5,0.5,1.86,0,,0.3,13.11,1,1,0
2,2019-12-31 23:42:17,2019-12-31 23:55:19,N,1,168,3,1,6.54,20,0.5,0.5,0,0,,0.3,21.3,2,1,0
2,2020-01-01 00:54:42,2020-01-01 01:10:55,N,1,82,7,1,2.07,12,0.5,0.5,0,0,,0.3,13.3,2,1,0
2,2020-01-01 00:28:39,2020-01-01 01:08:08,N,1,80,238,6,7.96,30.5,0.5,0.5,13.82,0,,0.3,48.37,1,1,2.75
2,2020-01-01 00:07:45,2020-01-01 00:31:34,N,1,255,129,1,6.13,22.5,0.5,0.5,0,0,,0.3,23.8,2,1,0
2,2020-01-01 00:07:44,2020-01-01 00:19:17,N,1,181,80,1,4.37,15,0.5,0.5,4.08,0,,0.3,20.38,1,1,0
2,2020-01-01 00:33:50,2020-01-01 00:54:54,N,1,181,4,1,5.54,19.5,0.5,0.5,4.71,0,,0.3,28.26,1,1,2.75
1,2020-01-01 00:46:06,2020-01-01 00:51:25,N,1,7,7,1,.60,5.5,0.5,0.5,0,0,,0.3,6.8,2,1,0
1,2020-01-01 00:33:29,2020-01-01 00:40:54,N,1,41,42,1,1.20,7,0.5,0.5,1,0,,0.3,9.3,1,1,0
1,2020-01-01 00:46:22,2020-01-01 00:59:56,N,1,42,140,1,5.00,17,3.25,0.5,1.5,0,,0.3,22.55,1,1,2.75
2,2020-01-01 00:11:02,2020-01-01 00:19:23,N,1,80,37,1,1.51,7.5,0.5,0.5,0,0,,0.3,8.8,2,1,0
2,2020-01-01 00:23:46,2020-01-01 00:34:32,N,1,42,166,1,1.88,9,0.5,0.5,2.58,0,,0.3,12.88,1,1,0
1,2020-01-01 00:05:26,2020-01-01 00:15:21,N,1,166,243,1,4.70,15,0.5,0.5,0,0,,0.3,16.3,2,1,0
1,2020-01-01 00:42:29,2020-01-01 00:47:46,N,1,166,152,1,1.00,6,0.5,0.5,2.15,0,,0.3,9.45,1,1,0
1,2020-01-01 00:50:03,2020-01-01 01:05:09,N,1,152,119,3,3.10,12.5,0.5,0.5,0,0,,0.3,13.8,2,1,0
2,2020-01-01 00:13:19,2020-01-01 00:23:27,N,1,116,151,1,2.74,10.5,0.5,0.5,0,0,,0.3,11.8,2,1,0
2,2020-01-01 00:33:44,2020-01-01 00:45:34,N,1,41,263,1,3.11,11.5,0.5,0.5,2.33,0,,0.3,17.88,1,1,2.75
2,2020-01-01 00:14:11,2020-01-01 00:24:51,N,1,181,66,1,1.59,9,0.5,0.5,3.09,0,,0.3,13.39,1,1,0
2,2020-01-01 00:37:17,2020-01-01 01:05:19,N,1,181,36,1,4.37,20.5,0.5,0.5,0,0,,0.3,21.8,2,1,0
2,2020-01-01 00:26:07,2020-01-01 00:31:23,N,1,129,129,1,1.13,6,0.5,0.5,0,0,,0.3,7.3,2,1,0
2,2020-01-01 00:31:35,2020-01-01 00:40:35,N,1,129,129,1,1.84,8.5,0.5,0.5,0.02,0,,0.3,9.82,1,1,0
2,2020-01-01 00:45:58,2020-01-01 01:14:57,N,1,130,86,1,10.05,28.5,0.5,0.5,0.01,0,,0.3,29.81,1,1,0
2,2020-01-01 00:06:02,2020-01-01 00:27:20,N,1,66,228,6,3.85,17.5,0.5,0.5,0,0,,0.3,18.8,2,1,0
2,2020-01-01 00:43:08,2020-01-01 01:08:09,N,1,66,107,6,5.70,22.5,0.5,0.5,3,0,,0.3,29.55,1,1,2.75
2,2020-01-01 00:17:33,2020-01-01 00:38:05,N,1,181,255,1,4.62,18,0.5,0.5,3.86,0,,0.3,23.16,1,1,0
2,2020-01-01 00:41:39,2020-01-01 00:47:55,N,1,255,80,1,1.23,6.5,0.5,0.5,2.2,0,,0.3,10,1,1,0
2,2020-01-01 00:32:40,2020-01-01 00:38:44,N,1,166,151,1,1.20,6.5,0.5,0.5,0,0,,0.3,7.8,2,1,0
2,2020-01-01 00:46:54,2020-01-01 01:15:48,N,1,24,90,1,6.82,25,0.5,0.5,5.81,0,,0.3,34.86,1,1,2.75
2,2020-01-01 00:16:40,2020-01-01 00:32:38,N,1,83,179,2,3.34,13.5,0.5,0.5,0,0,,0.3,14.8,2,1,0
2,2020-01-01 00:35:49,2020-01-01 00:51:40,N,1,7,202,2,3.40,13.5,0.5,0.5,0,0,,0.3,14.8,2,1,0
2,2020-01-01 00:59:08,2020-01-01 01:26:21,N,1,7,82,2,5.59,22.5,0.5,0.5,0,0,,0.3,23.8,2,1,0
2,2020-01-01 00:52:09,2020-01-01 01:11:23,N,5,97,255,2,3.85,45,0,0,9.06,0,,0.3,54.36,1,2,0
2,2020-01-01 00:17:48,2020-01-01 00:24:59,N,1,97,189,1,1.13,7,0.5,0.5,1.66,0,,0.3,9.96,1,1,0
2,2020-01-01 00:31:09,2020-01-01 00:53:26,N,1,181,112,1,4.97,20,0.5,0.5,4.26,0,,0.3,25.56,1,1,0
2,2020-01-01 00:48:28,2020-01-01 01:01:47,N,1,82,255,2,5.01,17,0.5,0.5,0,0,,0.3,18.3,2,1,0
2,2020-01-01 00:16:29,2020-01-01 00:27:40,N,1,146,223,1,2.56,11,0.5,0.5,0,0,,0.3,12.3,2,1,0
2,2020-01-01 00:35:45,2020-01-01 00:43:26,N,1,179,193,1,1.84,8,0.5,0.5,0,0,,0.3,9.3,2,1,0
2,2020-01-01 00:47:10,2020-01-01 01:10:37,N,1,146,7,1,4.16,17.5,0.5,0.5,0,0,,0.3,18.8,2,1,0
2,2020-01-01 00:35:11,2020-01-01 00:50:30,N,1,47,168,2,3.04,12,0.5,0.5,0,0,,0.3,13.3,2,1,0
2,2020-01-01 00:56:19,2020-01-01 01:00:11,N,1,168,168,1,.56,4.5,0.5,0.5,0,0,,0.3,5.8,2,1,0
2,2020-01-01 00:42:08,2020-01-01 01:15:58,N,1,181,74,1,12.87,37,0.5,0.5,8.21,0,,0.3,49.26,1,1,2.75
1,2020-01-01 00:37:29,2020-01-01 00:59:12,N,1,97,133,2,4.30,18.5,0.5,0.5,4.95,0,,0.3,24.75,1,1,0
2,2020-01-01 00:10:38,2020-01-01 00:15:30,N,1,43,236,1,.94,5.5,0.5,0.5,0,0,,0.3,9.55,2,1,2.75
2,2020-01-01 00:28:48,2020-01-01 00:38:42,N,1,41,74,1,1.20,8,0.5,0.5,0,0,,0.3,9.3,2,1,0
2,2020-01-01 00:15:09,2020-01-01 00:37:32,N,1,255,181,1,5.54,20,0.5,0.5,0,0,,0.3,21.3,2,1,0
2,2020-01-01 00:14:24,2020-01-01 00:23:57,N,1,41,247,1,1.86,8.5,0.5,0.5,0,0,,0.3,9.8,2,1,0
2,2020-01-01 00:46:14,2020-01-01 00:51:38,N,1,74,41,1,.80,5.5,0.5,0.5,0,0,,0.3,6.8,2,1,0
2,2020-01-01 00:53:19,2020-01-01 00:59:28,N,1,41,74,1,.89,5.5,0.5,0.5,1.36,0,,0.3,8.16,1,1,0
2,2020-01-01 00:14:16,2020-01-01 00:19:52,N,1,36,37,2,1.17,6,0.5,0.5,0,0,,0.3,7.3,2,1,0
2,2020-01-01 00:34:27,2020-01-01 00:38:00,N,1,36,80,2,.43,4,0.5,0.5,0,0,,0.3,5.3,2,1,0
2,2020-01-01 00:46:38,2020-01-01 01:14:43,N,1,36,113,2,5.36,21.5,0.5,0.5,5.11,0,,0.3,30.66,1,1,2.75
2,2020-01-01 00:10:51,2020-01-01 00:37:28,N,1,255,112,1,4.09,18.5,0.5,0.5,3.96,0,,0.3,23.76,1,1,0
2,2020-01-01 00:55:29,2020-01-01 01:13:33,N,1,36,256,1,2.96,13.5,0.5,0.5,3.7,0,,0.3,18.5,1,1,0
2,2020-01-01 00:09:38,2020-01-01 00:38:34,N,1,66,112,5,4.62,23.5,0.5,0.5,7.44,0,,0.3,32.24,1,1,0
2,2020-01-01 00:40:37,2020-01-01 00:48:09,N,1,112,80,2,1.52,7.5,0.5,0.5,1,0,,0.3,9.8,1,1,0
2,2020-01-01 00:55:51,2020-01-01 01:01:58,N,1,80,256,2,.71,-5.5,-0.5,-0.5,0,0,,-0.3,-6.8,3,1,0
2,2020-01-01 00:55:51,2020-01-01 01:01:58,N,1,80,256,2,.71,5.5,0.5,0.5,0,0,,0.3,6.8,2,1,0
2,2020-01-01 00:33:49,2020-01-01 00:41:59,N,1,7,260,1,1.24,7,0.5,0.5,0,0,,0.3,8.3,2,1,0
2,2020-01-01 00:48:40,2020-01-01 00:55:04,N,1,7,179,1,.78,6,0.5,0.5,0,0,,0.3,7.3,2,1,0
2,2020-01-01 00:05:44,2020-01-01 00:21:29,N,1,42,167,5,2.80,12,0.5,0.5,1,0,,0.3,14.3,1,1,0
2,2020-01-01 00:04:25,2020-01-01 00:13:22,N,1,66,144,1,2.30,9.5,0.5,0.5,0,0,,0.3,13.55,2,1,2.75
2,2020-01-01 00:22:25,2020-01-01 00:55:36,N,1,66,164,1,6.34,27,0.5,0.5,0,0,,0.3,31.05,2,1,2.75
2,2020-01-01 00:48:42,2020-01-01 00:58:49,N,1,116,41,1,1.97,9.5,0.5,0.5,2,0,,0.3,14.75,1,1,0
2,2020-01-01 01:00:29,2020-01-01 01:08:22,N,1,43,74,1,1.32,7.5,0.5,0.5,0,0,,0.3,8.8,2,1,0
2,2020-01-01 00:20:07,2020-01-01 00:27:25,N,1,129,129,1,1.19,7,0.5,0.5,0,0,,0.3,8.3,2,1,0
2,2020-01-01 00:56:08,2020-01-01 01:14:47,N,1,7,82,1,2.82,14,0.5,0.5,0,0,,0.3,15.3,2,1,0
2,2020-01-01 00:42:54,2020-01-01 00:50:08,N,1,41,42,1,1.38,7,0.5,0.5,0,0,,0.3,8.3,1,1,0
2,2020-01-01 00:23:56,2020-01-01 00:27:24,N,1,181,181,1,.67,4.5,0.5,0.5,0,0,,0.3,5.8,2,1,0
2,2020-01-01 00:33:48,2020-01-01 00:41:47,N,1,181,257,1,1.81,8,0.5,0.5,0,0,,0.3,9.3,2,1,0
2,2020-01-01 00:50:32,2020-01-01 00:58:38,N,1,181,25,1,1.98,8,0.5,0.5,1.86,0,,0.3,11.16,1,1,0
1,2020-01-01 00:31:30,2020-01-01 00:35:01,N,1,41,41,1,.60,4,0.5,0.5,0,0,,0.3,5.3,2,1,0
1,2020-01-01 00:41:33,2020-01-01 00:44:53,N,1,74,74,1,.90,5,0.5,0.5,0,0,,0.3,6.3,2,1,0
2,2020-01-01 00:30:39,2020-01-01 00:32:07,N,1,168,168,1,.33,3.5,0.5,0.5,0.96,0,,0.3,5.76,1,1,0
2,2020-01-01 00:20:47,2020-01-01 00:29:19,N,1,190,61,1,1.04,7.5,0.5,0.5,1.76,0,,0.3,10.56,1,1,0
2,2020-01-01 00:44:51,2020-01-01 00:51:57,N,1,49,189,1,.96,6.5,0.5,0.5,1,0,,0.3,8.8,1,1,0
2,2020-01-01 00:57:45,2020-01-01 01:16:20,N,1,97,112,1,4.04,15.5,0.5,0.5,0,0,,0.3,16.8,2,1,0
2,2020-01-01 00:36:59,2020-01-01 00:46:46,N,1,112,80,1,1.59,8.5,0.5,0.5,0,0,,0.3,9.8,2,1,0
2,2020-01-01 00:57:16,2020-01-01 01:20:13,N,1,255,7,1,6.19,22.5,0.5,0.5,5.95,0,,0.3,29.75,1,1,0
2,2020-01-01 01:05:13,2020-01-01 01:17:11,N,1,145,226,1,2.22,10.5,0.5,0.5,2.36,0,,0.3,14.16,1,1,0
2,2020-01-01 00:22:32,2020-01-01 00:35:59,N,1,146,112,2,3.10,12.5,0.5,0.5,0,0,,0.3,13.8,2,1,0
2,2020-01-01 00:44:10,2020-01-01 00:53:58,N,1,112,141,2,3.52,12.5,0.5,0.5,4.96,0,,0.3,21.51,1,1,2.75
2,2020-01-01 00:05:15,2020-01-01 00:09:36,N,1,40,106,1,1.03,5.5,0.5,0.5,1.36,0,,0.3,8.16,1,1,0
2,2020-01-01 00:39:50,2020-01-01 01:03:04,N,1,70,179,1,4.42,18,0.5,0.5,0,0,,0.3,19.3,2,1,0
2,2020-01-01 00:21:36,2020-01-01 01:14:17,N,5,97,265,2,31.90,110,0,0,0,10.5,,0,123.25,1,2,2.75
2,2020-01-01 00:13:50,2020-01-01 00:27:21,N,1,82,173,1,1.93,10.5,0.5,0.5,0,0,,0.3,11.8,2,1,0
2,2020-01-01 00:28:48,2020-01-01 00:41:28,N,1,173,82,1,1.77,9.5,0.5,0.5,0,0,,0.3,10.8,2,1,0
2,2020-01-01 00:53:07,2020-01-01 01:05:15,N,1,82,258,1,3.17,13,0.5,0.5,0,0,,0.3,14.3,2,1,0
1,2020-01-01 00:06:55,2020-01-01 00:15:04,N,1,134,197,1,2.40,9.5,0.5,0.5,0,0,,0.3,10.8,2,1,0
1,2020-01-01 00:34:45,2020-01-01 00:58:14,N,1,130,264,1,.00,28.2,0,0.5,0,0,,0.3,29,1,1,0
2,2020-01-01 00:28:17,2020-01-01 00:32:05,N,5,33,66,4,4.85,55,0,0,4.7,0,,0.3,60,1,2,0
1,2020-01-01 00:46:42,2020-01-01 01:06:21,N,1,153,74,1,.00,24.2,0,0.5,0,0,,0.3,25,1,1,0
2,2020-01-01 00:19:54,2020-01-01 00:23:18,N,1,42,42,1,.43,4,0.5,0.5,0,0,,0.3,5.3,2,1,0
2,2020-01-01 00:29:18,2020-01-01 00:36:09,N,1,166,41,1,1.21,6.5,0.5,0.5,2.34,0,,0.3,10.14,1,1,0
2,2020-01-01 00:38:05,2020-01-01 00:40:38,N,1,43,75,1,.40,4,0.5,0.5,0,0,,0.3,5.3,2,1,0
2,2020-01-01 00:44:11,2020-01-01 00:57:31,N,1,75,42,1,3.22,12,0.5,0.5,3.32,0,,0.3,16.62,1,1,0
2,2020-01-01 00:07:06,2020-01-01 00:11:13,N,1,41,152,6,.53,4.5,0.5,0.5,0,0,,0.3,5.8,2,1,0
2,2020-01-01 00:21:37,2020-01-01 00:37:35,N,1,42,75,6,2.40,12,0.5,0.5,0,0,,0.3,13.3,2,1,0
2,2020-01-01 00:46:04,2020-01-01 01:04:29,N,1,74,213,6,5.84,19,0.5,0.5,0,0,,0.3,20.3,2,1,0
2,2020-01-01 00:45:25,2020-01-01 00:55:11,N,1,260,83,1,1.88,8.5,0.5,0.5,0,0,,0.3,9.8,2,1,0
2,2020-01-01 01:03:34,2020-01-01 01:18:31,N,1,82,226,1,2.12,11,0.5,0.5,0,0,,0.3,12.3,2,1,0
2,2020-01-01 00:03:49,2020-01-01 00:05:50,N,1,41,41,1,.00,3.5,0.5,0.5,0,0,,0.3,4.8,2,1,0
1,2020-01-01 00:15:01,2020-01-01 00:19:31,N,1,244,42,1,1.20,5.5,0.5,0.5,0,0,,0.3,6.8,2,1,0
1,2020-01-01 00:31:18,2020-01-01 00:37:55,N,1,152,42,1,1.30,6.5,0.5,0.5,0,0,,0.3,7.8,2,1,0
1,2020-01-01 00:50:42,2020-01-01 00:58:43,N,1,166,238,1,1.50,7.5,3.25,0.5,1.5,0,,0.3,13.05,1,1,2.75
2,2020-01-01 00:25:47,2020-01-01 00:57:24,N,1,66,123,1,8.02,30,0.5,0.5,0,0,,0.3,31.3,2,1,0
2,2020-01-01 00:08:36,2020-01-01 00:28:39,N,1,33,62,2,4.14,16,0.5,0.5,3.46,0,,0.3,20.76,1,1,0
2,2020-01-01 00:24:19,2020-01-01 00:35:13,N,1,129,80,1,4.19,14,0.5,0.5,1,0,,0.3,16.3,1,1,0
2,2020-01-01 00:54:01,2020-01-01 01:14:28,N,1,52,233,1,7.56,24,0.5,0.5,8.42,0,,0.3,36.47,1,1,2.75
2,2020-01-01 00:25:49,2020-01-01 00:44:50,N,1,7,173,5,3.60,15,0.5,0.5,2.21,0,,0.3,18.51,1,1,0
1,2020-01-01 00:01:32,2020-01-01 00:34:44,N,1,49,168,1,.00,32.2,0,0.5,0,6.12,,0.3,39.12,1,1,0
2,2020-01-01 00:17:09,2020-01-01 00:21:49,N,1,181,181,2,1.23,6,0.5,0.5,2.19,0,,0.3,9.49,1,1,0
2,2020-01-01 00:24:12,2020-01-01 00:49:36,N,1,181,112,2,6.26,23,0.5,0.5,6.08,0,,0.3,30.38,1,1,0
2,2020-01-01 00:52:01,2020-01-01 01:06:14,N,1,7,112,4,6.24,19,0.5,0.5,5.08,0,,0.3,25.38,1,1,0
2,2020-01-01 00:34:41,2020-01-01 01:11:23,N,1,25,14,1,5.87,25.5,0.5,0.5,8.04,0,,0.3,34.84,1,1,0
2,2020-01-01 00:19:09,2020-01-01 00:28:30,N,1,95,196,1,1.44,8.5,0.5,0.5,2.45,0,,0.3,12.25,1,1,0
2,2020-01-01 00:54:14,2020-01-01 01:23:00,N,1,95,140,1,9.15,31,0.5,0.5,0,0,,0.3,35.05,2,1,2.75
2,2020-01-01 00:04:58,2020-01-01 00:12:14,N,1,95,121,1,2.28,9,0.5,0.5,5,0,,0.3,15.3,1,1,0
1,2020-01-01 00:26:24,2020-01-01 00:47:17,N,1,74,142,1,3.70,16.5,3.25,0.5,5.1,0,,0.3,25.65,1,1,2.75
2,2020-01-01 00:03:49,2020-01-01 00:07:03,N,1,181,257,5,.73,4.5,0.5,0.5,0,0,,0.3,5.8,2,1,0
2,2020-01-01 00:23:54,2020-01-01 00:41:19,N,1,181,257,5,2.96,13.5,0.5,0.5,0,0,,0.3,14.8,2,1,0
2,2020-01-01 00:53:11,2020-01-01 01:08:28,N,1,181,33,5,2.52,12,0.5,0.5,3.99,0,,0.3,17.29,1,1,0
2,2020-01-01 00:05:09,2020-01-01 00:19:34,N,1,181,144,1,3.25,13.5,0.5,0.5,3.51,0,,0.3,21.06,1,1,2.75
2,2020-01-01 00:37:00,2020-01-01 00:42:44,N,1,181,181,1,1.08,6,0.5,0.5,1.82,0,,0.3,9.12,1,1,0
2,2020-01-01 00:44:14,2020-01-01 01:04:35,N,1,181,148,1,4.13,17,0.5,0.5,0,0,,0.3,21.05,2,1,2.75
2,2020-01-01 00:18:27,2020-01-01 00:30:24,N,1,49,17,1,1.81,9,0.5,0.5,0,0,,0.3,10.3,2,1,0
2,2019-12-31 23:59:59,2020-01-01 00:11:41,N,1,82,70,1,2.24,10.5,0.5,0.5,0,0,,0.3,11.8,2,1,0
2,2020-01-01 00:15:54,2020-01-01 00:31:27,N,1,70,260,1,3.04,13,0.5,0.5,0,0,,0.3,14.3,2,1,0
1,2020-01-01 00:13:44,2020-01-01 00:25:53,N,1,181,61,2,2.10,10.5,0.5,0.5,2.95,0,,0.3,14.75,1,1,0
1,2020-01-01 00:44:18,2020-01-01 01:13:29,Y,1,181,255,3,6.80,24.5,0.5,0.5,2.58,0,,0.3,28.38,1,1,0
1,2020-01-01 00:37:46,2020-01-01 00:45:57,N,1,42,116,2,1.60,8,0.5,0.5,2,0,,0.3,11.3,1,1,0
1,2020-01-01 00:49:40,2020-01-01 00:54:02,N,1,152,166,2,.90,5.5,0.5,0.5,0,0,,0.3,6.8,2,1,0
1,2020-01-01 00:58:31,2020-01-01 01:08:12,N,1,41,116,1,1.50,8.5,0.5,0.5,0,0,,0.3,9.8,2,1,0
2,2020-01-01 00:21:35,2020-01-01 00:29:16,N,1,173,129,2,1.24,7,0.5,0.5,0,0,,0.3,8.3,2,1,0
1,2020-01-01 00:22:28,2020-01-01 01:00:56,N,1,166,226,4,8.00,31,3.25,0.5,0,0,,0.3,35.05,2,1,2.75
2,2020-01-01 00:19:36,2020-01-01 00:25:17,N,1,193,7,1,1.54,7,0.5,0.5,0,0,,0.3,8.3,2,1,0
2,2020-01-01 00:28:29,2020-01-01 00:43:11,N,1,7,260,1,2.51,12.5,0.5,0.5,0,0,,0.3,13.8,2,1,0
2,2020-01-01 00:03:15,2020-01-01 00:09:37,N,1,166,116,1,1.67,7.5,0.5,0.5,0,0,,0.3,8.8,2,1,0
2,2020-01-01 00:23:16,2020-01-01 00:53:12,N,1,166,249,1,7.24,26,0.5,0.5,0,0,,0.3,30.05,2,1,2.75
1,2020-01-01 00:47:17,2020-01-01 01:20:10,N,1,7,68,1,5.90,24,3.25,0.5,0,0,,0.3,28.05,2,1,2.75
2,2020-01-01 00:33:52,2020-01-01 00:34:31,N,1,260,260,2,.08,2.5,0.5,0.5,0,0,,0.3,3.8,2,1,0
1,2020-01-01 00:35:26,2020-01-01 00:55:41,N,1,95,226,1,4.70,18.5,0.5,0.5,0,0,,0.3,19.8,2,1,0
2,2020-01-01 00:51:30,2020-01-01 01:08:15,N,1,7,263,1,4.10,15,0.5,0.5,3.81,0,,0.3,22.86,1,1,2.75
1,2020-01-01 00:11:57,2020-01-01 00:29:09,N,1,17,35,1,3.20,14,0.5,0.5,0,0,,0.3,15.3,1,1,0
1,2020-01-01 00:41:18,2020-01-01 01:05:24,N,1,61,39,1,4.30,19,0.5,0.5,0,0,,0.3,20.3,1,1,0
2,2020-01-01 00:26:54,2020-01-01 00:29:29,N,1,41,42,1,.48,4,0.5,0.5,0,0,,0.3,5.3,2,1,0
2,2020-01-01 00:38:28,2020-01-01 00:46:37,N,1,42,74,1,.96,7,0.5,0.5,0,0,,0.3,8.3,1,1,0
2,2020-01-01 00:26:51,2020-01-01 00:52:45,N,1,97,36,1,4.50,19.5,0.5,0.5,1,0,,0.3,21.8,1,1,0
2,2020-01-01 00:54:50,2020-01-01 01:16:50,N,1,36,97,1,3.83,16,0.5,0.5,3.46,0,,0.3,20.76,1,1,0
2,2020-01-01 00:50:06,2020-01-01 00:58:44,N,1,179,146,1,1.55,8,0.5,0.5,1.86,0,,0.3,11.16,1,1,0
1,2020-01-01 00:09:10,2020-01-01 00:17:40,N,1,190,61,1,1.80,8.5,0.5,0.5,1.95,0,,0.3,11.75,1,1,0
1,2020-01-01 00:28:16,2020-01-01 00:44:24,N,1,181,228,1,2.90,13,0.5,0.5,3.55,0,,0.3,17.85,1,1,0
1,2020-01-01 00:58:25,2020-01-01 01:04:14,N,1,181,195,1,1.10,6.5,0.5,0.5,1.95,0,,0.3,9.75,1,1,0
2,2020-01-01 00:25:49,2020-01-01 00:41:26,N,1,7,226,1,3.80,13.5,0.5,0.5,0,0,,0.3,14.8,2,1,0
2,2020-01-01 00:45:31,2020-01-01 00:49:00,N,1,226,7,1,.88,5,0.5,0.5,0,0,,0.3,6.3,2,1,0
2,2020-01-01 00:44:10,2020-01-01 00:57:26,N,1,256,157,1,3.07,12,0.5,0.5,0,0,,0.3,13.3,2,1,0
2,2020-01-01 00:59:03,2020-01-01 01:36:28,N,1,157,233,1,7.41,30,0.5,0.5,8.51,0,,0.3,42.56,1,1,2.75
2,2020-01-01 00:52:30,2020-01-01 01:05:46,N,1,223,7,1,1.38,9.5,0.5,0.5,3.24,0,,0.3,14.04,1,1,0
2,2020-01-01 00:22:18,2020-01-01 00:42:46,N,1,74,239,1,3.65,16,0.5,0.5,0.01,0,,0.3,20.06,1,1,2.75
2,2020-01-01 01:01:48,2020-01-01 01:13:56,N,1,75,263,1,1.99,10,0.5,0.5,1,0,,0.3,15.05,1,1,2.75
2,2020-01-01 00:08:19,2020-01-01 00:13:56,N,1,129,129,6,.84,6,0.5,0.5,0,0,,0.3,7.3,2,1,0
1,2020-01-01 00:53:12,2020-01-01 01:00:04,N,1,95,134,2,1.80,8,0.5,0.5,2,0,,0.3,11.3,1,1,0
2,2020-01-01 00:21:18,2020-01-01 00:48:01,N,1,129,101,1,16.16,44.5,0.5,0.5,0,0,,0.3,45.8,2,1,0
2,2020-01-01 00:21:03,2020-01-01 00:37:06,N,1,181,228,1,4.95,17.5,0.5,0.5,0,0,,0.3,18.8,2,1,0
2,2020-01-01 00:45:53,2020-01-01 00:59:39,N,1,228,25,1,2.34,11.5,0.5,0.5,2.56,0,,0.3,15.36,1,1,0
2,2020-01-01 01:02:25,2020-01-01 01:27:09,N,1,25,107,1,6.28,23.5,0.5,0.5,8.26,0,,0.3,35.81,1,1,2.75
1,2020-01-01 00:11:35,2020-01-01 00:39:51,N,1,264,264,1,6.80,26.5,0.5,0.5,0,0,,0.3,27.8,1,1,0
2,2020-01-01 00:51:50,2020-01-01 00:52:28,N,5,181,264,2,.03,81,0,0,4,0,,0.3,85.3,1,2,0
2,2020-01-01 00:14:00,2020-01-01 00:36:55,N,1,129,63,1,6.09,21,0.5,0.5,0,0,,0.3,22.3,2,1,0
2,2020-01-01 00:21:26,2020-01-01 00:46:27,N,1,112,258,1,12.49,35,0.5,0.5,7.26,0,,0.3,45.51,1,1,0
2,2019-12-31 23:22:08,2019-12-31 23:24:44,N,1,130,130,1,.54,4,0.5,0.5,0,0,,0.3,5.3,2,1,0
2,2020-01-01 00:46:42,2020-01-01 00:51:40,N,1,82,129,1,.60,5,0.5,0.5,0,0,,0.3,6.3,2,1,0
2,2020-01-01 00:31:51,2020-01-01 00:40:00,N,1,255,17,1,1.81,8,0.5,0.5,0,0,,0.3,9.3,2,1,0
2,2020-01-01 00:47:03,2020-01-01 01:22:45,N,1,80,239,1,8.81,30,0.5,0.5,8.51,0,,0.3,42.56,1,1,2.75
1,2020-01-01 00:21:42,2020-01-01 00:59:13,N,5,181,161,4,8.30,0,0,0,0,0,,0,0,4,2,0
2,2020-01-01 00:18:01,2020-01-01 00:27:38,N,1,7,223,1,1.86,8.5,0.5,0.5,0,0,,0.3,9.8,2,1,0
2,2020-01-01 00:36:07,2020-01-01 00:45:20,N,1,7,223,1,1.41,7.5,0.5,0.5,0,0,,0.3,8.8,2,1,0
2,2020-01-01 00:16:12,2020-01-01 00:40:07,N,1,181,112,1,5.75,22,0.5,0.5,4.66,0,,0.3,27.96,1,1,0
2,2020-01-01 00:40:59,2020-01-01 00:50:27,N,1,146,223,1,2.22,9.5,0.5,0.5,0,0,,0.3,10.8,2,1,0
2,2019-12-31 23:55:06,2020-01-01 00:01:09,N,1,41,74,1,1.07,6,0.5,0.5,0,0,,0.3,7.3,2,1,0
2,2020-01-01 00:21:08,2020-01-01 00:32:12,N,1,74,116,1,2.68,11.5,0.5,0.5,0,0,,0.3,12.8,2,1,0
2,2020-01-01 00:07:28,2020-01-01 00:17:36,N,1,244,166,1,1.93,9.5,0.5,0.5,0,0,,0.3,10.8,2,1,0
2,2020-01-01 00:20:11,2020-01-01 00:40:41,N,1,166,167,1,3.73,16,0.5,0.5,0,0,,0.3,17.3,2,1,0
2,2020-01-01 00:54:35,2020-01-01 01:09:32,N,1,167,116,1,2.57,12,0.5,0.5,0,0,,0.3,13.3,2,1,0
2,2020-01-01 00:07:57,2020-01-01 00:13:57,N,1,260,226,1,.95,5,0.5,0.5,1.89,0,,0.3,8.19,1,1,0
1,2020-01-01 00:01:17,2020-01-01 00:08:51,N,1,134,197,1,2.10,9,0.5,0.5,2.05,0,,0.3,12.35,1,1,0
1,2020-01-01 00:24:48,2020-01-01 00:54:11,N,1,197,226,1,6.50,25,0.5,0.5,0,0,,0.3,26.3,2,1,0
2,2020-01-01 00:28:37,2020-01-01 00:37:01,N,1,66,25,1,1.15,7,0.5,0.5,0,0,,0.3,8.3,2,1,0
2,2020-01-01 00:43:05,2020-01-01 01:05:42,N,1,33,263,1,8.75,26,0.5,0.5,6.01,0,,0.3,36.06,1,1,2.75
2,2020-01-01 00:56:13,2020-01-01 01:16:30,N,1,177,80,1,3.58,15,0.5,0.5,0,0,,0.3,16.3,2,1,0
2,2020-01-01 00:33:48,2020-01-01 00:38:16,N,1,74,75,1,.92,5.5,0.5,0.5,1.02,0,,0.3,9.77,1,1,0
2,2020-01-01 00:40:16,2020-01-01 00:45:43,N,1,75,74,1,1.03,6,0.5,0.5,0,0,,0.3,7.3,2,1,0
2,2020-01-01 00:44:09,2020-01-01 00:55:00,N,1,210,29,1,1.02,5.5,0.5,0.5,0,0,,0.3,6.8,2,1,0
2,2020-01-01 00:14:51,2020-01-01 00:35:42,N,1,190,256,1,4.44,17,0.5,0.5,0,0,,0.3,18.3,1,1,0
2,2020-01-01 00:39:35,2020-01-01 01:08:42,N,1,256,61,1,4.10,19,0.5,0.5,2,0,,0.3,22.3,1,1,0
2,2020-01-01 00:33:38,2020-01-01 00:47:34,N,1,189,228,1,2.17,11,0.5,0.5,1.23,0,,0.3,15.48,1,1,0
2,2020-01-01 00:48:24,2020-01-01 01:06:38,N,1,228,14,1,3.01,14.5,0.5,0.5,0,0,,0.3,15.8,2,1,0
2,2020-01-01 00:39:36,2020-01-01 00:53:15,N,1,25,62,1,2.79,12,0.5,0.5,3.32,0,,0.3,16.62,1,1,0
2,2020-01-01 00:27:32,2020-01-01 00:43:50,N,1,55,228,1,7.54,23.5,0.5,0.5,0,0,,0.3,24.8,1,1,0
1,2020-01-01 00:06:05,2020-01-01 00:30:30,N,1,173,72,1,.00,30.2,0,0.5,0,0,,0.3,31,1,1,0
1,2020-01-01 00:42:01,2020-01-01 01:19:43,N,1,61,55,1,.00,39.33,0,0.5,0,0,,0.3,40.13,1,1,0
2,2020-01-01 00:18:57,2020-01-01 00:28:40,N,1,7,223,1,1.84,8.5,0.5,0.5,2.94,0,,0.3,12.74,1,1,0
2,2020-01-01 00:48:36,2020-01-01 00:52:50,N,1,7,179,1,.85,5,0.5,0.5,1.26,0,,0.3,7.56,1,1,0
2,2020-01-01 00:55:51,2020-01-01 01:31:58,N,1,179,173,1,5.48,24.5,0.5,0.5,0,0,,0.3,25.8,2,1,0
2,2020-01-01 00:41:27,2020-01-01 00:57:51,N,1,181,89,1,3.44,14,0.5,0.5,0,0,,0.3,15.3,2,1,0
2,2020-01-01 00:17:28,2020-01-01 00:27:14,N,1,255,255,1,.78,7.5,0.5,0.5,1.76,0,,0.3,10.56,1,1,0
2,2020-01-01 00:33:12,2020-01-01 00:37:42,N,1,112,112,1,1.01,5.5,0.5,0.5,1.7,0,,0.3,8.5,1,1,0
2,2020-01-01 00:39:10,2020-01-01 00:47:21,N,1,112,256,1,1.77,8,0.5,0.5,0,0,,0.3,9.3,2,1,0
2,2020-01-01 00:30:57,2020-01-01 00:56:07,N,1,25,223,1,9.95,31,0.5,0.5,8.08,0,,0.3,40.38,1,1,0
2,2020-01-01 00:29:07,2020-01-01 00:45:41,N,1,97,89,1,2.44,13,0.5,0.5,5.08,0,,0.3,19.38,1,1,0
2,2020-01-01 00:57:31,2020-01-01 01:16:39,N,1,181,256,1,4.68,18,0.5,0.5,3.86,0,,0.3,23.16,1,1,0
2,2020-01-01 00:50:54,2020-01-01 01:16:15,N,1,188,79,1,5.66,21.5,0.5,0.5,6.39,0,,0.3,31.94,1,1,2.75
2,2020-01-01 00:48:05,2020-01-01 00:56:25,N,1,41,42,5,1.18,7.5,0.5,0.5,1.76,0,,0.3,10.56,1,1,0
2,2020-01-01 00:11:41,2020-01-01 00:30:10,N,1,181,61,1,3.41,15,0.5,0.5,4.89,0,,0.3,21.19,1,1,0
2,2020-01-01 00:45:07,2020-01-01 01:06:22,N,1,17,226,1,6.04,21,0.5,0.5,4.46,0,,0.3,28.71,1,1,0
1,2020-01-01 00:15:34,2020-01-01 00:24:05,N,1,181,97,1,.80,7,0.5,0.5,1.65,0,,0.3,9.95,1,1,0
2,2020-01-01 01:06:37,2020-01-01 01:14:02,N,1,49,97,2,1.38,7,0.5,0.5,0,0,,0.3,8.3,2,1,0
1,2020-01-01 00:14:26,2020-01-01 00:34:34,N,1,255,4,1,3.00,15.5,3.25,0.5,4,0,,0.3,23.55,1,1,2.75
1,2020-01-01 00:48:25,2020-01-01 00:56:53,N,1,256,112,1,1.70,8,0.5,0.5,1,0,,0.3,10.3,1,1,0
2,2020-01-01 00:03:14,2020-01-01 00:09:40,N,1,166,238,1,1.61,7.5,0.5,0.5,0,0,,0.3,8.8,2,1,0
2,2020-01-01 00:15:29,2020-01-01 00:20:20,N,1,75,236,1,.72,5,0.5,0.5,2.72,0,,0.3,11.77,1,1,2.75
2,2020-01-01 00:38:33,2020-01-01 00:45:08,N,1,41,75,1,1.68,7.5,0.5,0.5,1.76,0,,0.3,10.56,1,1,0
1,2020-01-01 00:22:07,2020-01-01 00:44:32,N,1,41,112,2,8.10,25.5,3.25,0.5,5.9,0,,0.3,35.45,1,1,2.75
1,2020-01-01 00:26:02,2020-01-01 00:47:52,N,1,17,62,2,2.90,15.5,0.5,0.5,0,0,,0.3,16.8,1,1,0
1,2020-01-01 00:01:40,2020-01-01 00:17:07,N,1,235,74,2,4.40,17,0.5,0.5,0,0,,0.3,18.3,1,1,0
1,2020-01-01 00:30:32,2020-01-01 00:44:54,N,1,116,126,1,5.20,17.5,0.5,0.5,0,0,,0.3,18.8,1,1,0
2,2020-01-01 00:12:57,2020-01-01 00:24:31,N,1,41,244,1,2.12,10,0.5,0.5,0,0,,0.3,11.3,2,1,0
2,2020-01-01 00:42:23,2020-01-01 01:11:04,N,1,116,173,1,11.79,36,0.5,0.5,8.61,5.76,,0.3,51.67,1,1,0
2,2020-01-01 00:29:15,2020-01-01 23:59:23,N,1,181,68,1,5.66,22.5,0.5,0.5,0,0,,0.3,26.55,1,1,2.75
1,2020-01-01 00:11:55,2020-01-01 00:20:43,N,1,61,61,1,1.30,7.5,0.5,0.5,0,0,,0.3,8.8,2,1,0
1,2020-01-01 00:38:52,2020-01-01 00:52:52,N,1,65,181,1,2.30,11.5,0.5,0.5,3.8,0,,0.3,16.6,1,1,0
1,2020-01-01 00:57:51,2020-01-01 01:10:27,N,1,181,89,1,2.60,11,0.5,0.5,3.05,0,,0.3,15.35,1,1,0
2,2020-01-01 00:27:00,2020-01-01 00:31:07,N,1,75,75,1,.33,4.5,0.5,0.5,1.16,0,,0.3,6.96,1,1,0
2,2020-01-01 00:35:29,2020-01-01 00:49:45,N,1,75,166,4,2.19,11.5,0.5,0.5,0,0,,0.3,12.8,2,1,0
1,2020-01-01 00:24:43,2020-01-01 00:53:11,N,1,213,218,1,.00,39.2,0,0.5,0,6.12,,0.3,46.12,1,1,0
2,2020-01-01 00:38:16,2020-01-01 00:46:26,N,1,7,145,2,1.12,7.5,0.5,0.5,1.76,0,,0.3,10.56,1,1,0
2,2020-01-01 00:48:48,2020-01-01 01:02:29,N,1,145,179,2,2.01,11,0.5,0.5,3.69,0,,0.3,15.99,1,1,0
2,2020-01-01 00:02:32,2020-01-01 00:27:58,N,1,255,95,1,8.00,25.5,0.5,0.5,3,0,,0.3,29.8,1,1,0
2,2020-01-01 00:49:08,2020-01-01 00:54:31,N,1,255,80,1,.98,5.5,0.5,0.5,0,0,,0.3,6.8,2,1,0
2,2020-01-01 00:56:08,2020-01-01 01:06:33,N,1,80,80,1,1.36,8.5,0.5,0.5,0,0,,0.3,9.8,2,1,0
2,2020-01-01 01:02:22,2020-01-01 01:20:18,N,1,41,263,1,3.37,14,0.5,0.5,2.5,0,,0.3,20.55,1,1,2.75
1,2020-01-01 00:15:18,2020-01-01 00:48:15,N,1,256,208,1,17.80,49,0.5,0.5,0,6.12,,0.3,56.42,2,1,0
2,2020-01-01 00:09:17,2020-01-01 00:16:18,N,1,196,95,1,.98,5.5,0.5,0.5,0,0,,0.3,6.8,1,1,0
2,2020-01-01 00:19:51,2020-01-01 00:23:09,N,1,95,95,1,.64,4.5,0.5,0.5,0,0,,0.3,5.8,2,1,0
2,2020-01-01 00:37:36,2020-01-01 00:56:59,N,1,196,202,1,7.69,23,0.5,0.5,4.86,0,,0.3,31.11,1,1,0
2,2020-01-01 00:11:58,2020-01-01 00:35:33,N,1,97,177,1,4.16,18,0.5,0.5,5.79,0,,0.3,25.09,1,1,0
2,2020-01-01 00:13:27,2020-01-01 00:30:07,N,1,188,25,1,2.93,13,0.5,0.5,3.58,0,,0.3,19.83,1,1,0
2,2020-01-01 00:39:42,2020-01-01 00:55:09,N,1,181,89,1,3.21,13,0.5,0.5,4.29,0,,0.3,20.54,1,1,0
2,2020-01-01 00:33:18,2020-01-01 00:51:53,N,1,74,243,6,4.26,16.5,0.5,0.5,0,0,,0.3,17.8,2,1,0
2,2020-01-01 01:01:58,2020-01-01 01:07:57,N,1,244,244,6,1.03,6,0.5,0.5,1.46,0,,0.3,8.76,1,1,0
2,2020-01-01 00:35:10,2020-01-01 01:03:22,N,1,65,140,1,8.38,28,0.5,0.5,6.41,0,,0.3,38.46,1,1,2.75
2,2020-01-01 00:37:10,2020-01-01 00:59:48,N,1,260,74,1,6.79,22,0.5,0.5,0,0,,0.3,26.05,1,1,2.75
2,2020-01-01 00:38:47,2020-01-01 00:43:08,N,1,134,134,1,.91,5,0.5,0.5,1.2,0,,0.3,7.5,1,1,0
2,2020-01-01 00:23:58,2020-01-01 00:37:16,N,1,181,209,1,2.86,12,0.5,0.5,3.21,0,,0.3,19.26,1,1,2.75
2,2020-01-01 00:57:36,2020-01-01 01:13:50,N,1,33,125,1,3.76,14.5,0.5,0.5,2,0,,0.3,20.55,1,1,2.75
2,2020-01-01 00:10:33,2020-01-01 21:46:10,N,1,112,226,2,2.87,12,0.5,0.5,0,0,,0.3,13.3,1,1,0
2,2020-01-01 00:56:37,2020-01-01 01:07:58,N,1,82,138,1,3.84,12.5,0.5,0.5,2.76,0,,0.3,16.56,1,1,0
2,2020-01-01 00:34:17,2020-01-01 00:55:15,N,1,112,43,1,5.74,20,0.5,0.5,4.81,0,,0.3,28.86,1,1,2.75
2,2020-01-01 00:03:28,2020-01-01 00:12:40,N,1,82,157,1,1.81,8.5,0.5,0.5,1.96,0,,0.3,11.76,1,1,0
2,2020-01-01 00:12:15,2020-01-01 00:19:16,N,1,41,75,1,1.62,7.5,0.5,0.5,0,0,,0.3,8.8,2,1,0
2,2020-01-01 00:25:06,2020-01-01 00:36:33,N,1,74,24,1,1.66,9.5,0.5,0.5,0,0,,0.3,10.8,2,1,0
2,2020-01-01 00:53:12,2020-01-01 01:05:39,N,1,42,263,1,3.58,13.5,0.5,0.5,5.26,0,,0.3,22.81,1,1,2.75
2,2020-01-01 00:23:25,2020-01-01 00:29:53,N,1,112,255,1,1.36,6.5,0.5,0.5,1.56,0,,0.3,9.36,1,1,0
2,2020-01-01 00:25:44,2020-01-01 00:40:38,N,1,189,256,1,3.27,13,0.5,0.5,0,0,,0.3,14.3,2,1,0
2,2020-01-01 00:44:32,2020-01-01 00:56:49,N,1,256,225,1,1.91,9.5,0.5,0.5,0,0,,0.3,10.8,2,1,0
2,2020-01-01 00:04:37,2020-01-01 00:15:36,N,1,130,218,1,2.82,11,0.5,0.5,0,0,,0.3,12.3,1,1,0
2,2020-01-01 00:17:12,2020-01-01 00:28:09,N,1,41,151,1,2.22,10,0.5,0.5,3.39,0,,0.3,14.69,1,1,0
2,2020-01-01 00:14:38,2020-01-01 00:20:35,N,1,74,166,1,1.04,6,0.5,0.5,0,0,,0.3,7.3,2,1,0
2,2020-01-01 00:25:21,2020-01-01 00:30:32,N,1,166,74,1,1.12,6,0.5,0.5,1,0,,0.3,8.3,1,1,0
2,2020-01-01 00:36:07,2020-01-01 00:49:50,N,1,74,244,1,2.77,11.5,0.5,0.5,0,0,,0.3,12.8,1,1,0
2,2020-01-01 00:53:38,2020-01-01 01:21:08,N,1,244,185,1,8.69,28,0.5,0.5,0,0,,0.3,29.3,2,1,0
2,2020-01-01 00:42:13,2020-01-01 00:57:42,N,1,228,62,1,3.29,13.5,0.5,0.5,10,0,,0.3,24.8,1,1,0
2,2020-01-01 00:39:27,2020-01-01 00:43:58,N,1,82,82,1,.55,5,0.5,0.5,0,0,,0.3,6.3,2,1,0
2,2020-01-01 00:50:01,2020-01-01 00:58:59,N,1,82,70,1,2.84,11,0.5,0.5,0,0,,0.3,12.3,2,1,0
2,2020-01-01 00:57:19,2020-01-01 01:05:41,N,1,130,10,1,1.12,7,0.5,0.5,0,0,,0.3,8.3,1,1,0
2,2020-01-01 00:17:21,2020-01-01 00:24:18,N,1,260,260,1,1.04,6,0.5,0.5,0,0,,0.3,7.3,2,1,0
2,2020-01-01 00:40:34,2020-01-01 00:45:29,N,1,41,152,1,.98,5.5,0.5,0.5,1.36,0,,0.3,8.16,1,1,0
2,2020-01-01 00:46:22,2020-01-01 00:52:28,N,1,152,41,1,1.20,6.5,0.5,0.5,1.56,0,,0.3,9.36,1,1,0
2,2020-01-01 00:54:44,2020-01-01 01:06:04,N,1,41,244,1,2.74,10.5,0.5,0.5,0,0,,0.3,11.8,2,1,0
1,2020-01-01 00:11:55,2020-01-01 00:20:09,N,1,41,151,1,1.20,7.5,0.5,0.5,0,0,,0.3,8.8,2,1,0
1,2020-01-01 00:36:29,2020-01-01 00:55:50,N,1,75,213,1,.00,22.2,0,0.5,0,0,,0.3,23,1,1,0
2,2020-01-01 00:23:46,2020-01-01 00:33:15,N,1,181,49,1,1.40,8,0.5,0.5,1.86,0,,0.3,11.16,1,1,0
2,2020-01-01 00:35:48,2020-01-01 00:46:17,N,1,97,33,1,1.37,8.5,0.5,0.5,0,0,,0.3,9.8,2,1,0
2,2020-01-01 00:57:04,2020-01-01 01:06:50,N,1,65,17,1,2.11,9,0.5,0.5,0,0,,0.3,10.3,2,1,0
2,2020-01-01 00:17:14,2020-01-01 00:26:05,N,1,25,49,1,1.80,8.5,0.5,0.5,2,0,,0.3,11.8,1,1,0
2,2020-01-01 00:43:08,2020-01-01 01:01:42,N,1,25,79,1,3.72,15,0.5,0.5,0,0,,0.3,19.05,2,1,2.75
2,2020-01-01 00:18:26,2020-01-01 00:23:47,N,1,40,195,1,1.48,6.5,0.5,0.5,1.56,0,,0.3,9.36,1,1,0
2,2020-01-01 00:30:40,2020-01-01 00:37:16,N,1,40,25,1,1.08,6.5,0.5,0.5,1.56,0,,0.3,9.36,1,1,0
2,2020-01-01 00:42:46,2020-01-01 01:01:25,N,1,52,189,1,2.40,14,0.5,0.5,4.59,0,,0.3,19.89,1,1,0
2,2020-01-01 00:44:32,2020-01-01 01:12:12,N,5,7,10,1,12.49,40,0,0,0,0,,0.3,40.3,2,2,0
2,2020-01-01 00:11:39,2020-01-01 00:15:51,N,1,83,82,2,.50,4.5,0.5,0.5,0,0,,0.3,5.8,2,1,0
2,2020-01-01 00:16:23,2020-01-01 00:27:09,N,1,82,95,2,2.15,10,0.5,0.5,0,0,,0.3,11.3,2,1,0
2,2020-01-01 00:51:54,2020-01-01 01:01:42,N,1,129,7,1,1.78,9.5,0.5,0.5,0,0,,0.3,10.8,2,1,0
2,2020-01-01 00:26:19,2020-01-01 00:42:33,N,1,181,61,1,3.09,13,0.5,0.5,0,0,,0.3,14.3,2,1,0
1,2020-01-01 00:25:52,2020-01-01 00:57:28,N,1,198,91,1,.00,32.2,0,0.5,0,0,,0.3,33,1,1,0
2,2020-01-01 00:26:15,2020-01-01 00:39:46,N,1,116,119,1,2.16,11,0.5,0.5,0,0,,0.3,12.3,2,1,0
2,2020-01-01 00:08:17,2020-01-01 00:13:52,N,1,83,83,1,.87,5.5,0.5,0.5,0,0,,0.3,6.8,2,1,0
2,2020-01-01 00:35:03,2020-01-01 01:21:02,N,1,32,90,2,15.93,50.5,0.5,0.5,0,0,,0.3,51.8,1,1,0
2,2020-01-01 00:54:08,2020-01-01 00:55:33,N,1,75,75,1,.34,3.5,0.5,0.5,0,0,,0.3,4.8,2,1,0
2,2020-01-01 00:58:46,2020-01-01 01:06:59,N,1,41,166,1,1.59,7.5,0.5,0.5,2,0,,0.3,10.8,1,1,0
2,2020-01-01 00:23:06,2020-01-01 00:29:58,N,1,41,42,1,.86,6,0.5,0.5,1.46,0,,0.3,8.76,1,1,0
2,2020-01-01 00:35:47,2020-01-01 00:46:09,N,1,42,74,1,1.66,8.5,0.5,0.5,0,0,,0.3,9.8,2,1,0
2,2020-01-01 00:57:04,2020-01-01 01:05:48,N,1,41,166,1,1.06,7,0.5,0.5,1.66,0,,0.3,9.96,1,1,0
2,2020-01-01 00:19:13,2020-01-01 00:25:04,N,1,97,97,1,.98,6,0.5,0.5,0,0,,0.3,7.3,2,1,0
2,2020-01-01 00:29:19,2020-01-01 00:44:50,N,1,97,125,1,3.64,14.5,0.5,0.5,4.64,0,,0.3,23.19,1,1,2.75
2,2020-01-01 00:45:18,2020-01-01 01:01:38,N,1,179,130,1,8.93,26,0.5,0.5,5.46,0,,0.3,32.76,1,1,0
2,2020-01-01 00:21:40,2020-01-01 00:23:55,N,1,41,74,5,.41,3.5,0.5,0.5,1.2,0,,0.3,6,1,1,0
2,2020-01-01 00:41:37,2020-01-01 00:47:39,N,1,74,43,5,.95,6,0.5,0.5,0,0,,0.3,7.3,2,1,0
2,2020-01-01 00:15:23,2020-01-01 00:21:33,N,1,41,42,1,1.05,6.5,0.5,0.5,0,0,,0.3,7.8,2,1,0
2,2020-01-01 00:36:42,2020-01-01 00:36:47,N,1,41,41,1,.01,2.5,0.5,0.5,0,0,,0.3,3.8,2,1,0
2,2020-01-01 00:43:33,2020-01-01 00:51:44,N,1,41,42,1,1.24,7.5,0.5,0.5,0,0,,0.3,8.8,2,1,0
2,2020-01-01 00:19:52,2020-01-01 00:27:29,N,1,112,255,1,1.56,7.5,0.5,0.5,1.76,0,,0.3,10.56,1,1,0
2,2020-01-01 00:28:51,2020-01-01 00:50:33,N,1,255,223,1,5.12,19,0.5,0.5,6.09,0,,0.3,26.39,1,1,0
2,2020-01-01 00:10:36,2020-01-01 00:18:38,N,1,95,28,2,1.89,8.5,0.5,0.5,0,0,,0.3,9.8,2,1,0
2,2020-01-01 00:28:06,2020-01-01 00:32:14,N,1,95,95,2,.61,5,0.5,0.5,1.58,0,,0.3,7.88,1,1,0
2,2020-01-01 00:42:42,2020-01-01 00:56:14,N,1,95,10,2,3.93,14.5,0.5,0.5,0,0,,0.3,15.8,2,1,0
2,2020-01-01 00:10:02,2020-01-01 00:37:33,N,1,25,41,1,11.40,34.5,0.5,0.5,4,0,,0.3,42.55,1,1,2.75
2,2020-01-01 00:48:51,2020-01-01 00:56:28,N,1,75,262,1,1.42,7.5,0.5,0.5,2.89,0,,0.3,14.44,1,1,2.75
2,2020-01-01 00:14:08,2020-01-01 00:28:04,N,1,40,17,1,4.83,16,0.5,0.5,3.46,0,,0.3,20.76,1,1,0
2,2020-01-01 00:37:38,2020-01-01 00:47:23,N,1,80,157,1,1.99,8.5,0.5,0.5,2.45,0,,0.3,12.25,1,1,0
2,2020-01-01 00:48:34,2020-01-01 00:58:18,N,1,157,37,1,1.99,9,0.5,0.5,0,0,,0.3,10.3,2,1,0
1,2020-01-01 00:51:59,2020-01-01 00:56:22,N,1,80,255,1,.70,4.5,0.5,0.5,0,0,,0.3,5.8,2,1,0
2,2020-01-01 00:13:31,2020-01-01 00:36:07,N,1,7,107,3,5.41,19.5,0.5,0.5,4.71,0,,0.3,28.26,1,1,2.75
2,2020-01-01 00:41:58,2020-01-01 00:58:06,N,1,260,56,1,3.13,13.5,0.5,0.5,0,0,,0.3,14.8,2,1,0
2,2020-01-01 00:52:07,2020-01-01 01:21:41,N,1,223,181,1,12.39,37.5,0.5,0.5,11.64,0,,0.3,50.44,1,1,0
2,2020-01-01 00:03:58,2020-01-01 00:18:42,N,1,66,148,1,2.91,13.5,0.5,0.5,0,0,,0.3,17.55,2,1,2.75
2,2020-01-01 00:47:27,2020-01-01 01:04:42,N,1,66,189,1,3.15,14,0.5,0.5,3.82,0,,0.3,19.12,1,1,0
2,2020-01-01 00:23:45,2020-01-01 00:27:19,N,5,258,96,1,1.37,45,0,0,0,0,,0.3,45.3,1,2,0
2,2020-01-01 00:10:52,2020-01-01 00:12:41,N,1,181,106,1,.44,3.5,0.5,0.5,0,0,,0.3,4.8,2,1,0
2,2020-01-01 00:24:00,2020-01-01 00:44:34,N,1,40,14,1,5.17,18.5,0.5,0.5,0,0,,0.3,19.8,2,1,0
2,2020-01-01 00:10:09,2020-01-01 00:16:02,N,1,42,74,1,.77,5.5,0.5,0.5,0,0,,0.3,6.8,2,1,0
2,2020-01-01 00:24:08,2020-01-01 00:30:04,N,1,41,75,1,.85,6,0.5,0.5,0,0,,0.3,7.3,2,1,0
2,2020-01-01 00:37:40,2020-01-01 00:45:59,N,1,41,42,1,1.34,8,0.5,0.5,0,0,,0.3,9.3,2,1,0
2,2020-01-01 00:59:13,2020-01-01 01:13:02,N,1,42,166,1,1.94,10.5,0.5,0.5,2.36,0,,0.3,14.16,1,1,0
2,2020-01-01 00:39:02,2020-01-01 00:50:10,N,1,254,259,1,1.42,8.5,0.5,0.5,0,0,,0.3,9.8,1,1,0
1,2020-01-01 00:50:36,2020-01-01 01:24:19,N,1,215,116,1,.00,39.2,0,0.5,0,6.12,,0.3,46.12,1,1,0
2,2020-01-01 00:50:42,2020-01-01 00:58:07,N,1,82,129,1,.96,7,0.5,0.5,0,0,,0.3,8.3,2,1,0
2,2020-01-01 00:02:49,2020-01-01 00:17:07,N,1,69,169,1,1.10,10.5,0.5,0.5,0,0,,0.3,11.8,1,1,0
2,2020-01-01 00:04:15,2020-01-01 00:32:37,N,1,66,234,1,5.78,24.5,0.5,0.5,4,0,,0.3,32.55,1,1,2.75
2,2020-01-01 00:58:01,2020-01-01 01:16:40,N,1,66,107,1,5.22,18.5,0.5,0.5,4.51,0,,0.3,27.06,1,1,2.75
2,2020-01-01 00:54:44,2020-01-01 01:23:16,N,1,36,181,1,5.89,22.5,0.5,0.5,4.76,0,,0.3,30.51,1,1,0
2,2020-01-01 00:34:51,2020-01-01 00:55:22,N,1,42,51,1,10.14,29.5,0.5,0.5,0,0,,0.3,30.8,1,1,0
2,2020-01-01 00:40:37,2020-01-01 00:58:44,N,1,260,75,1,8.21,25,0.5,0.5,6.48,6.12,,0.3,38.9,1,1,0
2,2020-01-01 00:41:47,2020-01-01 01:19:08,N,1,29,92,1,21.32,60,0.5,0.5,0,0,,0.3,61.3,1,1,0
2,2020-01-01 00:38:39,2020-01-01 00:52:55,N,1,41,142,1,3.41,13.5,0.5,0.5,0,0,,0.3,17.55,2,1,2.75
2,2020-01-01 00:09:18,2020-01-01 00:35:59,N,1,260,131,6,10.75,32.5,0.5,0.5,0,0,,0.3,33.8,2,1,0
2,2020-01-01 00:00:07,2020-01-01 00:19:30,N,1,255,237,1,5.07,18,0.5,0.5,4.41,0,,0.3,26.46,1,1,2.75
2,2020-01-01 00:45:11,2020-01-01 00:53:17,N,1,145,80,1,2.29,9,0.5,0.5,0,0,,0.3,10.3,2,1,0
2,2020-01-01 00:57:03,2020-01-01 01:32:42,N,1,80,48,1,6.78,27.5,0.5,0.5,6.31,0,,0.3,37.86,1,1,2.75
1,2020-01-01 00:15:15,2020-01-01 00:31:29,N,1,259,254,1,2.30,12,0.5,0.5,0,0,,0.3,13.3,1,1,0
1,2020-01-01 00:36:17,2020-01-01 00:48:43,N,1,32,242,1,3.60,13,0.5,0.5,2.85,0,,0.3,17.15,1,1,0
1,2020-01-01 00:16:15,2020-01-01 01:04:48,N,1,177,91,1,4.40,30.5,0.5,0.5,0,0,,0.3,31.8,1,1,0
2,2020-01-01 00:19:06,2020-01-01 00:48:43,N,1,65,162,1,5.23,22,0.5,0.5,5.21,0,,0.3,31.26,1,1,2.75
2,2020-01-01 00:18:43,2020-01-01 00:18:51,N,1,130,130,1,.00,2.5,0.5,0.5,0,0,,0.3,3.8,2,1,0
2,2020-01-01 00:42:16,2020-01-01 01:08:27,N,1,65,17,1,3.41,18.5,0.5,0.5,0,0,,0.3,19.8,2,1,0
2,2020-01-01 00:28:37,2020-01-01 00:28:40,N,5,61,264,1,.00,20,0,0,6,0,,0,26,1,2,0
2,2020-01-01 00:35:35,2020-01-01 00:40:00,N,1,189,97,1,.80,5,0.5,0.5,1.26,0,,0.3,7.56,1,1,0
2,2020-01-01 00:20:08,2020-01-01 00:34:27,N,1,166,243,1,3.85,14.5,0.5,0.5,3.16,0,,0.3,18.96,1,1,0
2,2020-01-01 00:36:36,2020-01-01 00:52:54,N,1,243,166,1,4.08,15.5,0.5,0.5,0,0,,0.3,16.8,2,1,0
2,2020-01-01 00:33:46,2020-01-01 00:40:25,N,1,75,74,1,1.20,6.5,0.5,0.5,0,0,,0.3,7.8,2,1,0
2,2020-01-01 00:57:26,2020-01-01 01:15:26,N,1,74,238,1,3.03,14,0.5,0.5,3.61,0,,0.3,23.61,1,1,2.75
2,2020-01-01 00:50:00,2020-01-01 00:50:04,N,5,97,97,1,.05,30,0,0,6.06,0,,0.3,36.36,1,2,0
2,2020-01-01 00:57:25,2020-01-01 01:10:23,N,1,260,173,2,2.00,10,0.5,0.5,0,0,,0.3,11.3,2,1,0
2,2020-01-01 01:06:18,2020-01-01 01:06:20,N,5,264,264,1,.00,45,0,0,9.06,0,,0.3,54.36,1,2,0
2,2020-01-01 00:00:44,2020-01-01 00:07:06,N,1,129,70,1,2.71,9.5,0.5,0.5,0,0,,0.3,10.8,2,1,0
2,2020-01-01 00:40:53,2020-01-01 00:49:01,N,1,82,129,1,1.26,7.5,0.5,0.5,0,0,,0.3,8.8,2,1,0
2,2020-01-01 00:03:58,2020-01-01 00:10:59,N,1,256,255,1,1.24,6.5,0.5,0.5,1.95,0,,0.3,9.75,1,1,0
2,2020-01-01 00:12:03,2020-01-01 00:36:26,N,1,255,87,1,5.67,21.5,0.5,0.5,0,0,,0.3,25.55,1,1,2.75
2,2020-01-01 00:46:15,2020-01-01 01:04:41,N,1,66,79,1,5.16,17,0.5,0.5,0,0,,0.3,21.05,2,1,2.75
1,2020-01-01 00:39:23,2020-01-01 00:47:18,N,1,25,61,2,1.50,7.5,0.5,0.5,0,0,,0.3,8.8,2,1,0
1,2020-01-01 00:54:44,2020-01-01 01:05:21,N,1,189,61,1,1.90,9,0.5,0.5,2.55,0,,0.3,12.85,1,1,0
2,2020-01-01 00:17:36,2020-01-01 00:18:02,N,5,129,129,1,.31,10,0,0,3.09,0,,0.3,13.39,1,2,0
2,2020-01-01 00:28:51,2020-01-01 00:36:14,N,1,74,168,5,1.85,8,0.5,0.5,0,0,,0.3,9.3,2,1,0
2,2020-01-01 00:54:05,2020-01-01 00:54:07,N,5,264,264,1,.00,55,0,0,11,0,,0,66,1,2,0
2,2020-01-01 00:09:07,2020-01-01 00:35:04,N,1,97,246,1,6.00,23,0.5,0.5,8.12,0,,0.3,35.17,1,1,2.75
2,2020-01-01 00:23:37,2020-01-01 00:39:06,N,1,130,226,1,9.47,27,0.5,0.5,7.08,0,,0.3,35.38,1,1,0
2,2020-01-01 00:24:36,2020-01-01 00:39:53,N,1,95,216,1,3.36,13,0.5,0.5,2.86,0,,0.3,17.16,1,1,0
1,2020-01-01 00:07:52,2020-01-01 00:20:52,N,1,25,257,1,6.10,19,0.5,0.5,4.05,0,,0.3,24.35,1,1,0
1,2020-01-01 00:38:59,2020-01-01 01:08:57,N,1,181,158,2,4.50,21.5,3.25,0.5,0,0,,0.3,25.55,2,1,2.75
1,2020-01-01 00:01:11,2020-01-01 00:13:32,N,1,74,238,1,2.50,11,3.25,0.5,3,0,,0.3,18.05,1,1,2.75
1,2020-01-01 00:43:54,2020-01-01 01:06:41,N,1,61,40,1,4.10,18.5,0.5,0.5,3.95,0,,0.3,23.75,1,1,0
2,2020-01-01 00:15:16,2020-01-01 00:18:52,N,1,181,181,1,.71,4.5,0.5,0.5,1.74,0,,0.3,7.54,1,1,0
2,2020-01-01 00:23:10,2020-01-01 00:31:54,N,1,106,25,1,1.21,7.5,0.5,0.5,1.76,0,,0.3,10.56,1,1,0
2,2020-01-01 00:35:55,2020-01-01 00:46:57,N,1,65,189,1,2.11,9.5,0.5,0.5,2.7,0,,0.3,13.5,1,1,0
2,2020-01-01 00:59:35,2020-01-01 01:05:42,N,1,56,129,1,1.25,6,0.5,0.5,0,0,,0.3,7.3,1,1,0
1,2020-01-01 00:46:19,2020-01-01 00:50:40,N,1,82,260,2,1.00,5.5,0.5,0.5,0,0,,0.3,6.8,2,1,0
2,2020-01-01 00:46:13,2020-01-01 00:57:24,N,1,226,229,1,2.81,11.5,0.5,0.5,3,0,,0.3,18.55,1,1,2.75
2,2020-01-01 00:49:07,2020-01-01 00:57:24,N,1,95,95,1,1.51,8,0.5,0.5,0,0,,0.3,9.3,2,1,0
2,2020-01-01 00:21:25,2020-01-01 00:25:58,N,1,41,41,1,.54,5,0.5,0.5,1.26,0,,0.3,7.56,1,1,0
2,2020-01-01 00:30:31,2020-01-01 00:32:52,N,1,41,42,1,.34,3.5,0.5,0.5,0,0,,0.3,4.8,2,1,0
2,2020-01-01 00:34:23,2020-01-01 00:44:28,N,1,42,244,1,2.35,10,0.5,0.5,0,0,,0.3,11.3,2,1,0
2,2020-01-01 00:49:59,2020-01-01 01:02:14,N,1,244,212,1,5.96,18.5,0.5,0.5,0,0,,0.3,19.8,2,1,0
2,2020-01-01 00:08:37,2020-01-01 00:12:46,N,1,7,7,1,.64,5,0.5,0.5,0,0,,0.3,6.3,2,1,0
2,2020-01-01 00:19:47,2020-01-01 00:38:32,N,1,7,75,1,5.13,18,0.5,0.5,0,0,,0.3,22.05,1,1,2.75
2,2020-01-01 00:42:08,2020-01-01 01:02:16,N,1,7,87,1,9.03,26.5,0.5,0.5,6.11,0,,0.3,36.66,1,1,2.75
2,2020-01-01 00:44:59,2020-01-01 01:24:30,N,5,97,265,2,9.11,125.5,0,0,15,27.12,,0.3,170.67,1,2,2.75
2,2020-01-01 00:18:09,2020-01-01 00:28:43,N,1,181,89,1,1.69,9,0.5,0.5,0,0,,0.3,10.3,2,1,0
2,2020-01-01 00:40:09,2020-01-01 00:52:32,N,1,181,61,1,2.18,10,0.5,0.5,0,0,,0.3,11.3,2,1,0
2,2020-01-01 00:37:25,2020-01-01 01:01:26,N,1,41,147,1,4.27,18,0.5,0.5,0,0,,0.3,19.3,2,1,0
1,2020-01-01 00:38:07,2020-01-01 00:48:44,N,1,264,95,1,3.00,12,0.5,0.5,0,0,,0.3,13.3,1,1,0
2,2020-01-01 00:35:52,2020-01-01 00:37:32,N,1,260,260,1,.53,3.5,0.5,0.5,0,0,,0.3,4.8,2,1,0
2,2020-01-01 00:46:12,2020-01-01 00:56:20,N,1,260,82,1,1.25,8,0.5,0.5,0,0,,0.3,9.3,2,1,0
1,2020-01-01 00:23:21,2020-01-01 00:29:49,N,1,260,129,1,.80,6,0.5,0.5,0,0,,0.3,7.3,2,1,0
1,2020-01-01 00:55:37,2020-01-01 01:11:13,N,1,260,33,3,7.70,23,0.5,0.5,6.05,0,,0.3,30.35,1,1,0
2,2020-01-01 00:25:00,2020-01-01 00:47:37,N,1,66,198,1,7.83,25.5,0.5,0.5,5.36,0,,0.3,32.16,1,1,0
2,2020-01-01 00:19:51,2020-01-01 00:34:11,N,1,129,7,1,3.00,12.5,0.5,0.5,0,0,,0.3,13.8,2,1,0
2,2020-01-01 00:48:39,2020-01-01 00:57:04,N,1,95,56,1,1.54,8,0.5,0.5,0,0,,0.3,9.3,2,1,0
2,2020-01-01 00:05:40,2020-01-01 00:07:32,N,1,41,41,1,.43,3.5,0.5,0.5,1.44,0,,0.3,6.24,1,1,0
2,2020-01-01 00:13:47,2020-01-01 00:23:20,N,1,41,116,1,1.50,8.5,0.5,0.5,0,0,,0.3,9.8,2,1,0
2,2020-01-01 00:28:06,2020-01-01 00:38:50,N,1,116,127,1,3.16,12,0.5,0.5,0,0,,0.3,13.3,2,1,0
2,2020-01-01 00:46:42,2020-01-01 00:56:13,N,1,243,244,1,1.82,9,0.5,0.5,0,0,,0.3,10.3,2,1,0
2,2020-01-01 00:20:58,2020-01-01 00:33:07,N,1,41,238,1,2.66,11.5,0.5,0.5,0,0,,0.3,15.55,2,1,2.75
2,2020-01-01 00:40:37,2020-01-01 00:50:32,N,1,166,244,1,2.82,11,0.5,0.5,3.5,0,,0.3,15.8,1,1,0
2,2020-01-01 00:53:12,2020-01-01 01:22:10,N,1,244,244,1,5.82,23.5,0.5,0.5,0,0,,0.3,24.8,2,1,0
2,2020-01-01 00:53:49,2020-01-01 01:02:09,N,5,71,71,1,1.29,23,0,0.5,0,0,,0.3,23.8,2,2,0
2,2020-01-01 00:46:49,2020-01-01 00:49:11,N,1,75,75,2,.26,3.5,0.5,0.5,0,0,,0.3,4.8,2,1,0
2,2020-01-01 00:47:49,2020-01-01 00:59:00,N,1,166,75,1,1.97,9.5,0.5,0.5,0,0,,0.3,10.8,2,1,0
2,2019-12-31 23:45:42,2019-12-31 23:50:34,N,1,116,244,1,.94,5.5,0.5,0.5,0.01,0,,0.3,6.81,1,1,0
2,2020-01-01 00:03:09,2020-01-01 00:14:02,N,1,116,168,1,2.21,10,0.5,0.5,0,0,,0.3,11.3,2,1,0
2,2020-01-01 00:37:41,2020-01-01 00:56:22,N,1,41,143,1,3.75,15.5,0.5,0.5,0,0,,0.3,19.55,2,1,2.75
2,2020-01-01 00:26:52,2020-01-01 00:39:56,N,5,51,81,1,-.41,7.2,0,0.5,0,0,,0.3,8,2,1,0
2,2020-01-01 00:47:38,2020-01-01 01:38:49,N,1,43,231,1,5.82,32,0.5,0.5,9.01,0,,0.3,45.06,1,1,2.75
2,2020-01-01 00:29:39,2020-01-01 00:44:41,N,1,166,75,1,2.80,12,0.5,0.5,0,0,,0.3,13.3,1,1,0
2,2020-01-01 00:34:46,2020-01-01 00:49:44,N,1,85,49,1,3.14,13,0.5,0.5,2.86,0,,0.3,17.16,1,1,0
2,2020-01-01 00:36:26,2020-01-01 01:00:10,N,1,116,147,1,5.61,20,0.5,0.5,0,0,,0.3,21.3,2,1,0
2,2020-01-01 00:10:15,2020-01-01 00:22:42,N,1,129,179,1,3.36,13,0.5,0.5,0,0,,0.3,14.3,2,1,0
2,2020-01-01 00:33:42,2020-01-01 01:30:10,N,1,223,170,1,6.20,36,0.5,0.5,6.01,0,,0.3,48.01,1,1,2.75
2,2020-01-01 00:26:18,2020-01-01 00:29:43,N,1,7,7,2,.59,4.5,0.5,0.5,0,0,,0.3,5.8,2,1,0
2,2020-01-01 00:31:19,2020-01-01 00:34:07,N,1,7,7,2,.54,4,0.5,0.5,0,0,,0.3,5.3,1,1,0
2,2020-01-01 00:50:58,2020-01-01 01:08:42,N,1,7,260,2,2.88,13,0.5,0.5,0,0,,0.3,14.3,2,1,0
2,2020-01-01 00:30:20,2020-01-01 00:35:26,N,1,129,129,6,.77,5,0.5,0.5,0,0,,0.3,6.3,2,1,0
2,2020-01-01 00:20:35,2020-01-01 00:22:33,N,5,49,49,1,.00,20,0,0,0,0,,0.3,20.3,1,2,0
2,2020-01-01 00:45:37,2020-01-01 00:59:09,N,1,33,106,1,1.78,11,0.5,0.5,2.46,0,,0.3,14.76,1,1,0
2,2020-01-01 00:22:19,2020-01-01 00:30:06,N,1,179,7,2,1.36,7,0.5,0.5,0,0,,0.3,8.3,2,1,0
2,2020-01-01 00:41:50,2020-01-01 00:53:16,N,1,7,173,2,4.69,15.5,0.5,0.5,0,0,,0.3,16.8,2,1,0
2,2020-01-01 00:18:57,2020-01-01 00:26:06,N,1,82,173,3,1.12,6.5,0.5,0.5,0,0,,0.3,7.8,2,1,0
2,2020-01-01 00:31:35,2020-01-01 00:53:37,N,1,173,83,3,2.38,12,0.5,0.5,0,0,,0.3,13.3,2,1,0
2,2020-01-01 00:56:55,2020-01-01 01:07:25,N,1,83,56,4,1.87,9,0.5,0.5,0,0,,0.3,10.3,2,1,0
2,2020-01-01 00:52:14,2020-01-01 01:05:11,N,1,82,160,4,2.46,11,0.5,0.5,0,0,,0.3,12.3,2,1,0
1,2020-01-01 00:07:37,2020-01-01 00:34:07,Y,1,41,254,1,.00,28.2,0,0.5,0,0,,0.3,29,1,1,0
2,2020-01-01 00:11:53,2020-01-01 00:16:52,N,1,75,74,1,1.10,6,0.5,0.5,5,0,,0.3,12.3,1,1,0
2,2020-01-01 00:49:41,2020-01-01 00:59:06,N,1,75,41,2,1.87,8.5,0.5,0.5,1.96,0,,0.3,11.76,1,1,0
1,2020-01-01 00:12:44,2020-01-01 00:26:47,N,1,181,17,1,2.50,11.5,0.5,0.5,2.55,0,,0.3,15.35,1,1,0
1,2020-01-01 00:39:03,2020-01-01 00:48:28,N,1,181,62,1,1.50,8.5,0.5,0.5,1.95,0,,0.3,11.75,1,1,0
2,2020-01-01 00:37:38,2020-01-01 00:54:06,N,1,112,49,1,4.13,15.5,0.5,0.5,4.2,0,,0.3,21,1,1,0
2,2020-01-01 00:58:38,2020-01-01 01:08:58,N,1,17,255,1,2.11,9.5,0.5,0.5,2.16,0,,0.3,12.96,1,1,0
2,2020-01-01 00:04:55,2020-01-01 00:05:04,N,5,129,129,1,.10,30,0,0,0,0,,0.3,30.3,1,2,0
2,2020-01-01 00:37:25,2020-01-01 00:55:21,N,1,82,129,1,2.35,13,0.5,0.5,0,0,,0.3,14.3,2,1,0
2,2020-01-01 00:22:39,2020-01-01 00:42:05,N,1,190,255,1,3.85,16.5,0.5,0.5,3.56,0,,0.3,21.36,1,1,0
2,2020-01-01 00:47:50,2020-01-01 01:05:32,N,1,255,233,1,5.16,18.5,0.5,0.5,1,0,,0.3,23.55,1,1,2.75
2,2020-01-01 00:03:33,2020-01-01 00:10:56,N,1,42,168,1,1.42,7.5,0.5,0.5,1.76,0,,0.3,10.56,1,1,0
2,2020-01-01 00:16:46,2020-01-01 00:27:03,N,1,97,40,5,2.19,10,0.5,0.5,2.26,0,,0.3,13.56,1,1,0
2,2020-01-01 00:33:09,2020-01-02 00:00:00,N,1,40,97,5,1.87,22,0.5,0.5,0,0,,0.3,23.3,2,1,0
2,2020-01-01 00:40:33,2020-01-01 00:40:38,N,5,181,181,1,.00,54,0,0,10.86,0,,0.3,65.16,1,2,0
2,2020-01-01 00:13:34,2020-01-01 00:25:27,N,1,49,49,2,2.10,10.5,0.5,0.5,0,0,,0.3,11.8,2,1,0
2,2020-01-01 00:38:25,2020-01-01 00:46:23,N,1,97,33,2,1.47,7.5,0.5,0.5,2.2,0,,0.3,11,1,1,0
2,2020-01-01 00:21:56,2020-01-01 00:26:46,N,1,223,223,1,.69,5,0.5,0.5,1.26,0,,0.3,9.51,1,1,0
2,2020-01-01 00:38:27,2020-01-01 00:50:50,N,1,7,226,1,2.79,11,0.5,0.5,0,0,,0.3,12.3,2,1,0
2,2020-01-01 00:59:44,2020-01-01 01:10:38,N,1,260,146,1,2.02,9.5,0.5,0.5,2.16,0,,0.3,12.96,1,1,0
2,2020-01-01 00:39:34,2020-01-01 00:46:34,N,1,129,82,2,1.05,6.5,0.5,0.5,0,0,,0.3,7.8,2,1,0
2,2020-01-01 00:51:24,2020-01-01 01:34:52,N,1,242,50,1,14.35,44,0.5,0.5,8.13,6.12,,0.3,64.25,1,1,2.75
2,2020-01-01 00:13:57,2020-01-01 00:31:50,N,1,255,223,1,6.54,21,0.5,0.5,4.46,0,,0.3,26.76,1,1,0
2,2020-01-01 00:53:45,2020-01-01 01:28:05,N,1,255,141,1,7.17,26.5,0.5,0.5,5.5,0,,0.3,36.05,1,1,2.75
2,2019-12-31 23:59:32,2020-01-01 00:15:33,N,1,75,169,1,5.57,17,0.5,0.5,0,0,,0.3,18.3,1,1,0
2,2020-01-01 00:17:52,2020-01-01 00:40:27,N,1,94,147,1,4.30,17.5,0.5,0.5,0,0,,0.3,18.8,2,1,0
2,2020-01-01 01:04:55,2020-01-01 01:13:40,N,1,223,7,1,1.41,7.5,0.5,0.5,1.76,0,,0.3,10.56,1,1,0
2,2020-01-01 00:46:32,2020-01-01 01:03:57,N,1,82,173,1,2.41,12.5,0.5,0.5,0,0,,0.3,13.8,2,1,0
2,2020-01-01 00:36:19,2020-01-01 01:23:19,N,1,83,226,1,10.05,36.5,0.5,0.5,0,0,,0.3,37.8,2,1,0
2,2020-01-01 00:18:43,2020-01-01 00:35:02,N,1,42,153,1,4.92,17,0.5,0.5,0,0,,0.3,18.3,2,1,0
2,2020-01-01 00:44:42,2020-01-01 00:46:22,N,1,235,235,1,.32,3.5,0.5,0.5,0,0,,0.3,4.8,2,1,0
2,2020-01-01 00:47:33,2020-01-01 01:08:52,N,1,235,74,1,4.68,17.5,0.5,0.5,0,0,,0.3,18.8,2,1,0
2,2020-01-01 00:05:38,2020-01-01 00:17:09,N,1,65,49,1,1.53,9.5,0.5,0.5,2.16,0,,0.3,12.96,1,1,0
2,2020-01-01 00:27:53,2020-01-01 00:39:31,N,1,25,181,1,1.87,9.5,0.5,0.5,2.16,0,,0.3,12.96,1,1,0
2,2020-01-01 00:14:25,2020-01-01 00:25:05,N,1,36,37,1,.76,8,0.5,0.5,1,0,,0.3,10.3,1,1,0
2,2020-01-01 00:27:25,2020-01-01 00:33:37,N,1,225,36,1,.79,6,0.5,0.5,1,0,,0.3,8.3,1,1,0
2,2020-01-01 00:35:23,2020-01-01 01:10:57,N,1,36,107,1,10.41,34,0.5,0.5,13.25,6.12,,0.3,57.42,1,1,2.75
2,2020-01-01 00:03:12,2020-01-01 00:17:37,N,1,66,195,1,2.49,12,0.5,0.5,2.66,0,,0.3,15.96,1,1,0
2,2020-01-01 00:32:09,2020-01-01 00:47:13,N,1,65,49,1,3.22,13.5,0.5,0.5,2.96,0,,0.3,17.76,1,1,0
2,2020-01-01 00:30:27,2020-01-01 00:42:38,N,1,244,151,1,4.81,16,0.5,0.5,2,0,,0.3,22.05,1,1,2.75
1,2020-01-01 00:24:44,2020-01-01 00:36:22,N,1,75,141,2,2.60,10.5,3.25,0.5,0,0,,0.3,14.55,2,1,2.75
2,2020-01-01 00:39:16,2020-01-01 00:50:22,N,1,97,181,2,1.90,9,0.5,0.5,0,0,,0.3,10.3,2,1,0
1,2020-01-01 00:43:47,2020-01-01 00:57:54,N,1,62,133,1,2.90,12,0.5,0.5,2.65,0,,0.3,15.95,1,1,0
2,2020-01-01 00:13:36,2020-01-01 00:26:41,N,1,82,173,3,2.35,10.5,0.5,0.5,0,0,,0.3,11.8,2,1,0
2,2020-01-01 00:34:10,2020-01-01 00:45:54,N,1,92,260,2,5.36,17,0.5,0.5,0,0,,0.3,18.3,2,1,0
2,2020-01-01 00:40:07,2020-01-01 00:44:05,N,1,25,25,1,.67,4.5,0.5,0.5,0,0,,0.3,5.8,2,1,0
2,2020-01-01 00:45:15,2020-01-01 01:00:20,N,1,25,256,1,3.25,13.5,0.5,0.5,2.96,0,,0.3,17.76,1,1,0
2,2020-01-01 00:18:04,2020-01-01 00:23:33,N,1,134,134,1,.86,6,0.5,0.5,0,0,,0.3,7.3,1,1,0
2,2020-01-01 00:40:43,2020-01-01 00:54:25,N,1,166,236,1,2.60,12,0.5,0.5,3.21,0,,0.3,19.26,1,1,2.75
2,2020-01-01 00:25:20,2020-01-01 00:59:11,N,1,41,22,1,18.40,50.5,0.5,0.5,8,0,,0.3,62.55,1,1,2.75
2,2020-01-01 00:56:15,2020-01-01 01:13:17,N,1,169,242,1,5.30,18,0.5,0.5,0,0,,0.3,19.3,2,1,0
2,2020-01-01 00:56:09,2020-01-01 01:13:52,N,1,116,74,1,2.94,13.5,0.5,0.5,0,0,,0.3,14.8,2,1,0
2,2020-01-01 00:20:12,2020-01-01 00:33:22,N,1,181,33,1,1.88,10.5,0.5,0.5,0,0,,0.3,11.8,2,1,0
2,2020-01-01 00:53:06,2020-01-01 01:12:32,N,1,255,141,1,5.60,19,0.5,0.5,4.61,0,,0.3,27.66,1,1,2.75
2,2020-01-01 00:07:59,2020-01-01 00:29:07,N,1,181,210,1,6.68,22,0.5,0.5,4.66,0,,0.3,27.96,1,1,0
2,2020-01-01 00:08:52,2020-01-01 00:28:35,N,1,7,196,1,7.32,22,0.5,0.5,0,0,,0.3,23.3,2,1,0
2,2020-01-01 00:07:01,2020-01-01 00:20:12,N,1,25,62,1,2.86,12,0.5,0.5,0,0,,0.3,13.3,2,1,0
2,2020-01-01 00:25:25,2020-01-01 00:43:42,N,1,189,232,1,5.03,18,0.5,0.5,4.41,0,,0.3,26.46,1,1,2.75
2,2020-01-01 00:52:34,2020-01-01 01:03:53,N,1,256,33,1,3.94,14,0.5,0.5,3.06,0,,0.3,18.36,1,1,0
2,2019-12-31 23:59:40,2020-01-01 00:06:48,N,1,248,20,1,2.90,10,0.5,0.5,0,0,,0.3,11.3,2,1,0
2,2020-01-01 00:53:24,2020-01-01 01:09:07,N,1,74,143,1,3.79,14,0.5,0.5,0,0,,0.3,18.05,2,1,2.75
2,2020-01-01 00:08:08,2020-01-01 00:45:33,N,1,255,201,5,26.04,69.5,0.5,0.5,18.27,2.29,,0.3,91.36,1,1,0
2,2020-01-01 00:27:10,2020-01-01 00:46:57,N,1,33,11,6,7.70,24.5,0.5,0.5,0,0,,0.3,25.8,2,1,0
2,2020-01-01 01:00:41,2020-01-01 01:36:05,N,1,228,37,6,11.14,36.5,0.5,0.5,7.56,0,,0.3,47.31,1,1,0
2,2020-01-01 00:37:53,2020-01-01 00:52:14,N,1,7,129,1,2.94,13,0.5,0.5,2.86,0,,0.3,17.16,1,1,0
2,2020-01-01 00:25:42,2020-01-01 00:31:28,N,1,7,223,1,1.01,6,0.5,0.5,0,0,,0.3,7.3,2,1,0
2,2020-01-01 00:47:02,2020-01-01 01:06:32,N,1,7,40,1,12.13,33.5,0.5,0.5,6.96,0,,0.3,41.76,1,1,0
2,2020-01-01 00:21:06,2020-01-01 00:27:14,N,1,18,136,1,1.26,6.5,0.5,0.5,0,0,,0.3,7.8,1,1,0
2,2020-01-01 00:51:50,2020-01-01 01:06:22,N,1,174,78,1,4.10,14.5,0.5,0.5,3.95,0,,0.3,21.7,1,1,0
1,2020-01-01 00:13:07,2020-01-01 00:43:43,N,1,92,134,1,7.80,28,0.5,0.5,0,0,,0.3,29.3,2,1,0
2,2020-01-01 00:22:33,2020-01-01 00:32:46,N,1,82,56,1,1.52,8.5,0.5,0.5,0,0,,0.3,9.8,2,1,0
2,2020-01-01 00:50:56,2020-01-01 01:01:14,N,1,82,173,1,1.32,8.5,0.5,0.5,0,0,,0.3,9.8,2,1,0
2,2020-01-01 00:04:30,2020-01-01 00:06:20,N,1,41,41,1,.26,3.5,0.5,0.5,0,0,,0.3,4.8,2,1,0
2,2020-01-01 00:44:54,2020-01-01 00:56:47,N,1,42,151,1,2.06,10.5,0.5,0.5,0,0,,0.3,11.8,2,1,0
2,2020-01-01 00:36:19,2020-01-01 00:50:32,N,1,260,146,1,2.55,11.5,0.5,0.5,0,0,,0.3,12.8,2,1,0
2,2020-01-01 00:41:26,2020-01-01 00:48:41,N,1,82,82,1,1.33,7,0.5,0.5,0,0,,0.3,8.3,1,1,0
2,2020-01-01 00:39:07,2020-01-01 00:50:12,N,1,166,143,1,4.77,16,0.5,0.5,0,0,,0.3,20.05,2,1,2.75
2,2020-01-01 00:36:28,2020-01-01 00:40:37,N,1,223,7,2,.68,5,0.5,0.5,1.26,0,,0.3,7.56,1,1,0
2,2020-01-01 00:46:28,2020-01-01 00:49:30,N,1,223,223,2,.51,4,0.5,0.5,1.06,0,,0.3,6.36,1,1,0
2,2020-01-01 00:10:25,2020-01-01 00:15:38,N,1,41,42,1,.76,5.5,0.5,0.5,1.36,0,,0.3,8.16,1,1,0
2,2020-01-01 00:19:49,2020-01-01 00:28:16,N,1,42,166,1,1.59,8,0.5,0.5,0,0,,0.3,9.3,2,1,0
2,2020-01-01 00:31:28,2020-01-01 00:34:46,N,1,166,24,1,.50,4,0.5,0.5,1.06,0,,0.3,6.36,1,1,0
2,2020-01-01 00:35:53,2020-01-01 00:45:01,N,1,43,74,1,.74,7.5,0.5,0.5,0,0,,0.3,8.8,2,1,0
2,2020-01-01 00:05:37,2020-01-01 00:16:39,N,1,43,142,1,2.81,10.5,0.5,0.5,2,0,,0.3,16.55,1,1,2.75
2,2020-01-01 00:44:43,2020-01-01 00:51:07,N,1,112,145,1,1.60,7,0.5,0.5,0.01,0,,0.3,8.31,1,1,0
2,2020-01-01 00:59:59,2020-01-01 01:25:46,N,1,112,61,1,4.15,19,0.5,0.5,0,0,,0.3,20.3,2,1,0
2,2020-01-01 00:34:41,2020-01-01 01:30:40,N,1,41,158,1,6.94,35.5,0.5,0.5,11.86,0,,0.3,51.41,1,1,2.75
2,2020-01-01 00:29:00,2020-01-01 00:49:26,N,5,225,177,1,2.05,23,0,0,0,0,,0.3,23.3,2,1,0
2,2020-01-01 00:37:02,2020-01-01 00:49:26,N,1,181,61,1,2.54,11,0.5,0.5,2.46,0,,0.3,14.76,1,1,0
2,2020-01-01 00:30:31,2020-01-01 00:40:28,N,1,166,238,1,2.14,9.5,0.5,0.5,2.71,0,,0.3,16.26,1,1,2.75
2,2020-01-01 00:56:03,2020-01-01 01:05:07,N,1,236,263,2,.95,7.5,0.5,0.5,2.31,0,,0.3,13.86,1,1,2.75
1,2020-01-01 00:09:15,2020-01-01 00:21:26,N,1,33,87,4,2.30,11,3.25,0.5,0,0,,0.3,15.05,2,1,2.75
1,2020-01-01 00:30:49,2020-01-01 00:50:20,N,1,66,225,1,3.60,15,0.5,0.5,3.25,0,,0.3,19.55,1,1,0
2,2020-01-01 00:13:20,2020-01-01 00:19:43,N,1,166,152,1,1.25,7,0.5,0.5,2.08,0,,0.3,10.38,1,1,0
2,2020-01-01 00:24:05,2020-01-01 00:37:23,N,1,166,244,1,2.27,11,0.5,0.5,0,0,,0.3,12.3,2,1,0
2,2020-01-01 00:51:37,2020-01-01 01:06:09,N,1,116,74,1,2.74,12,0.5,0.5,0,0,,0.3,13.3,2,1,0
1,2020-01-01 00:06:19,2020-01-01 00:26:22,N,1,255,181,2,4.90,18.5,0.5,0.5,4.95,0,,0.3,24.75,1,1,0
1,2020-01-01 00:33:18,2020-01-01 00:38:18,N,1,181,181,2,.80,5.5,0.5,0.5,2,0,,0.3,8.8,1,1,0
1,2020-01-01 00:49:33,2020-01-01 01:04:56,N,1,181,61,1,2.60,12,0.5,0.5,0,0,,0.3,13.3,1,1,0
2,2020-01-01 00:27:27,2020-01-01 00:41:02,N,1,42,47,1,2.75,12,0.5,0.5,0,0,,0.3,13.3,1,1,0
2,2020-01-01 00:25:31,2020-01-01 00:25:41,N,5,225,225,1,.03,15,0,0,0.09,0,,0.3,15.39,1,2,0
2,2020-01-01 00:10:16,2020-01-01 00:13:22,N,1,75,41,1,.62,4.5,0.5,0.5,0,0,,0.3,5.8,2,1,0
2,2020-01-01 00:09:43,2020-01-01 00:23:12,N,1,42,75,1,2.27,11,0.5,0.5,1,0,,0.3,13.3,1,1,0
2,2020-01-01 00:35:30,2020-01-01 00:42:32,N,1,41,42,1,1.48,7.5,0.5,0.5,0,0,,0.3,8.8,1,1,0
2,2020-01-01 00:57:58,2020-01-01 01:15:29,N,1,41,235,1,5.00,17.5,0.5,0.5,0,0,,0.3,18.8,2,1,0
2,2020-01-01 00:54:28,2020-01-01 01:05:28,N,1,260,145,1,2.28,10.5,0.5,0.5,0,0,,0.3,11.8,2,1,0
2,2020-01-01 00:44:07,2020-01-01 00:44:12,N,5,215,215,5,.00,15,0,0,3.06,0,,0.3,18.36,1,2,0
2,2020-01-01 00:19:58,2020-01-01 00:52:29,N,1,255,90,1,6.46,26.5,0.5,0.5,3.06,0,,0.3,33.61,1,1,2.75
2,2020-01-01 00:32:14,2020-01-01 00:43:55,N,5,247,241,1,5.52,10,0,0,0,0,,0.3,10.3,2,2,0
2,2020-01-01 00:58:38,2020-01-01 01:01:50,N,1,243,243,1,.55,4.5,0.5,0.5,0,0,,0.3,5.8,2,1,0
2,2020-01-01 00:56:11,2020-01-01 01:02:47,N,1,41,42,1,1.30,7,0.5,0.5,1.66,0,,0.3,9.96,1,1,0
2,2020-01-01 00:24:57,2020-01-01 00:30:16,N,1,260,226,1,1.00,6,0.5,0.5,0,0,,0.3,7.3,2,1,0
2,2020-01-01 00:32:15,2020-01-01 00:39:37,N,1,42,42,1,1.13,7,0.5,0.5,0,0,,0.3,8.3,2,1,0
2,2020-01-01 00:42:15,2020-01-01 00:49:40,N,1,42,74,1,1.02,6.5,0.5,0.5,0,0,,0.3,7.8,2,1,0
2,2020-01-01 00:53:45,2020-01-01 00:58:23,N,1,41,42,1,.73,5,0.5,0.5,0,0,,0.3,6.3,2,1,0
2,2020-01-01 00:41:45,2020-01-01 00:50:10,N,1,7,226,1,1.58,7.5,0.5,0.5,2.2,0,,0.3,11,1,1,0
2,2020-01-01 00:17:44,2020-01-01 00:39:37,N,1,181,89,1,3.80,17,0.5,0.5,0,0,,0.3,18.3,2,1,0
2,2020-01-01 00:44:52,2020-01-01 01:10:00,N,1,85,35,1,3.83,18,0.5,0.5,0,0,,0.3,19.3,2,1,0
2,2020-01-01 00:28:37,2020-01-01 00:39:29,N,1,168,244,1,3.10,11.5,0.5,0.5,0,0,,0.3,12.8,2,1,0
2,2020-01-01 00:57:58,2020-01-01 01:13:59,N,1,24,48,1,3.14,13.5,0.5,0.5,3.51,0,,0.3,21.06,1,1,2.75
2,2020-01-01 01:40:46,2020-01-01 01:49:06,N,1,166,238,1,1.33,7.5,0.5,0.5,3.46,0,,0.3,15.01,1,1,2.75
2,2020-01-01 01:31:01,2020-01-01 01:49:28,N,5,181,154,2,12.42,84,0,0,16.86,0,,0.3,101.16,1,2,0
2,2020-01-01 01:09:10,2020-01-01 01:34:24,N,1,106,225,1,5.16,20,0.5,0.5,4.26,0,,0.3,27.51,1,1,0
2,2020-01-01 01:46:03,2020-01-01 02:08:06,N,1,17,196,1,8.93,27,0.5,0.5,5.66,0,,0.3,35.91,1,1,0
2,2020-01-01 01:35:56,2020-01-01 01:42:41,N,1,188,189,1,1.70,8,0.5,0.5,1.86,0,,0.3,11.16,1,1,0
2,2020-01-01 01:44:25,2020-01-01 01:49:51,N,1,189,17,1,1.43,6.5,0.5,0.5,1.95,0,,0.3,9.75,1,1,0
2,2020-01-01 01:51:15,2020-01-01 02:04:50,N,1,17,37,1,2.28,11,0.5,0.5,2.46,0,,0.3,14.76,1,1,0
2,2020-01-01 01:49:49,2020-01-01 01:55:26,N,1,41,116,1,1.32,6,0.5,0.5,0,0,,0.3,7.3,2,1,0
2,2020-01-01 01:57:55,2020-01-01 02:06:01,N,1,116,119,1,1.84,8,0.5,0.5,0,0,,0.3,9.3,2,1,0
2,2020-01-01 01:29:29,2020-01-01 01:41:26,N,1,82,95,2,2.85,11,0.5,0.5,10,0,,0.3,22.3,1,1,0
2,2020-01-01 01:54:34,2020-01-01 02:02:42,N,1,82,160,2,1.43,7.5,0.5,0.5,0,0,,0.3,8.8,2,1,0
2,2020-01-01 01:12:06,2020-01-01 01:22:53,N,1,129,260,1,1.36,8.5,0.5,0.5,2.94,0,,0.3,12.74,1,1,0
2,2020-01-01 01:04:30,2020-01-01 01:16:28,N,1,83,196,1,2.57,11,0.5,0.5,0,0,,0.3,12.3,2,1,0
2,2020-01-01 01:36:53,2020-01-01 01:41:39,N,1,83,157,1,1.28,6,0.5,0.5,2.19,0,,0.3,9.49,1,1,0
2,2020-01-01 01:27:43,2020-01-01 01:30:59,N,1,226,260,1,.84,4.5,0.5,0.5,1.2,0,,0.3,7,1,1,0
2,2020-01-01 01:34:13,2020-01-01 01:43:22,N,1,226,129,1,1.74,8.5,0.5,0.5,0,0,,0.3,9.8,2,1,0
2,2020-01-01 01:55:22,2020-01-01 02:02:32,N,1,7,193,1,1.78,8,0.5,0.5,0,0,,0.3,9.3,2,1,0
2,2020-01-01 01:48:46,2020-01-01 02:09:31,N,1,179,143,1,4.85,18.5,0.5,0.5,4.51,0,,0.3,27.06,1,1,2.75
2,2020-01-01 01:06:16,2020-01-01 01:12:26,N,1,49,17,1,.79,5.5,0.5,0.5,3.2,0,,0.3,10,1,1,0
2,2020-01-01 01:25:52,2020-01-01 01:31:10,N,1,97,189,1,.86,5.5,0.5,0.5,1.02,0,,0.3,7.82,1,1,0
2,2020-01-01 01:35:37,2020-01-01 01:56:18,N,1,189,89,1,4.39,16.5,0.5,0.5,3.56,0,,0.3,21.36,1,1,0
2,2020-01-01 01:10:15,2020-01-01 01:35:26,N,1,129,191,2,16.21,44,0.5,0.5,5,0,,0.3,50.3,1,1,0
2,2020-01-01 01:25:29,2020-01-01 01:31:58,N,1,42,41,4,1.34,7,0.5,0.5,0,0,,0.3,8.3,2,1,0
2,2020-01-01 01:36:46,2020-01-01 01:47:00,N,1,42,152,4,1.32,8.5,0.5,0.5,0,0,,0.3,9.8,2,1,0
2,2020-01-01 01:05:13,2020-01-01 01:18:12,N,1,42,75,1,2.12,11,0.5,0.5,0,0,,0.3,12.3,2,1,0
2,2020-01-01 01:21:15,2020-01-01 01:30:43,N,1,74,237,1,2.60,10,0.5,0.5,2.81,0,,0.3,16.86,1,1,2.75
2,2020-01-01 01:46:28,2020-01-01 01:51:25,N,1,41,152,1,.71,5.5,0.5,0.5,0,0,,0.3,6.8,2,1,0
2,2020-01-01 01:55:06,2020-01-01 01:58:17,N,1,166,152,1,.68,4.5,0.5,0.5,0,0,,0.3,5.8,2,1,0
2,2020-01-01 02:00:20,2020-01-01 02:38:30,N,1,152,119,1,5.98,26,0.5,0.5,0,0,,0.3,27.3,2,1,0
2,2020-01-01 01:43:15,2020-01-01 01:53:15,N,5,134,130,1,1.80,8,0,0,1.66,0,,0.3,9.96,1,2,0
2,2020-01-01 02:07:00,2020-01-01 02:15:30,N,1,197,134,5,.74,7,0.5,0.5,0,0,,0.3,8.3,2,1,0
2,2020-01-01 01:19:49,2020-01-01 01:41:01,N,1,255,4,1,3.31,16,0.5,0.5,3.01,0,,0.3,23.06,1,1,2.75
2,2020-01-01 02:01:57,2020-01-01 02:05:08,N,1,256,255,1,.64,4.5,0.5,0.5,1.16,0,,0.3,6.96,1,1,0
1,2020-01-01 01:40:25,2020-01-01 01:46:34,N,1,243,243,1,.80,5.5,0.5,0.5,2,0,,0.3,8.8,1,1,0
2,2020-01-01 00:55:02,2020-01-01 00:59:08,N,1,49,17,1,.77,4.5,0.5,0.5,1.16,0,,0.3,6.96,1,1,0
2,2020-01-01 01:09:33,2020-01-01 01:18:36,N,1,146,179,1,1.71,8.5,0.5,0.5,0,0,,0.3,9.8,2,1,0
1,2020-01-01 01:42:11,2020-01-01 01:58:13,N,1,25,80,1,3.80,14.5,0.5,0.5,0,0,,0.3,15.8,2,1,0
1,2020-01-01 01:47:30,2020-01-01 02:42:45,N,1,24,188,1,14.30,48,3.25,0.5,6,0,,0.3,58.05,1,1,2.75
2,2020-01-01 01:24:47,2020-01-01 01:34:26,N,1,41,152,1,1.78,8.5,0.5,0.5,2.45,0,,0.3,12.25,1,1,0
2,2020-01-01 01:36:22,2020-01-01 01:38:45,N,1,116,116,1,.40,3.5,0.5,0.5,0,0,,0.3,4.8,2,1,0
2,2020-01-01 01:12:30,2020-01-01 01:17:37,N,1,49,49,1,1.24,6,0.5,0.5,0,0,,0.3,7.3,2,1,0
2,2020-01-01 01:19:37,2020-01-01 01:25:09,N,1,17,61,1,1.27,6,0.5,0.5,1.1,0,,0.3,8.4,1,1,0
2,2020-01-01 01:07:04,2020-01-01 01:19:29,N,1,43,74,1,1.61,9.5,0.5,0.5,2.16,0,,0.3,12.96,1,1,0
2,2020-01-01 01:32:54,2020-01-01 01:49:02,N,1,83,56,1,2.54,12,0.5,0.5,2.66,0,,0.3,15.96,1,1,0
2,2020-01-01 01:21:19,2020-01-01 01:30:01,N,1,129,70,1,1.75,8.5,0.5,0.5,0,0,,0.3,9.8,2,1,0
2,2020-01-01 01:30:23,2020-01-01 01:42:10,N,1,70,173,1,1.90,9.5,0.5,0.5,0,0,,0.3,10.8,2,1,0
2,2020-01-01 01:08:22,2020-01-01 01:31:04,N,1,146,148,1,5.69,21,0.5,0.5,2,0,,0.3,27.05,1,1,2.75
2,2020-01-01 01:42:00,2020-01-01 01:46:37,N,1,256,255,1,.71,5,0.5,0.5,0,0,,0.3,6.3,2,1,0
2,2020-01-01 01:48:47,2020-01-01 02:03:36,N,1,255,36,1,3.00,12.5,0.5,0.5,0,0,,0.3,13.8,2,1,0
2,2020-01-01 01:33:17,2020-01-01 01:38:43,N,1,65,106,1,1.02,6,0.5,0.5,1.82,0,,0.3,9.12,1,1,0
2,2020-01-01 01:39:59,2020-01-01 01:59:43,N,1,106,255,1,4.65,17,0.5,0.5,3.66,0,,0.3,21.96,1,1,0
2,2020-01-01 01:22:13,2020-01-01 01:55:19,N,1,25,64,1,11.54,38,0.5,0.5,9.82,0,,0.3,49.12,1,1,0
2,2020-01-01 01:06:05,2020-01-01 01:16:01,N,1,42,116,2,1.40,8.5,0.5,0.5,0,0,,0.3,9.8,2,1,0
2,2020-01-01 01:22:30,2020-01-01 01:31:43,N,1,116,41,2,1.56,8.5,0.5,0.5,0,0,,0.3,9.8,2,1,0
2,2020-01-01 01:33:15,2020-01-01 01:37:21,N,1,41,74,2,.82,5,0.5,0.5,1.26,0,,0.3,7.56,1,1,0
2,2020-01-01 01:43:27,2020-01-01 01:52:09,N,1,74,168,2,1.51,8,0.5,0.5,2,0,,0.3,11.3,1,1,0
2,2020-01-01 01:55:18,2020-01-01 02:04:46,N,1,129,70,1,1.39,8,0.5,0.5,0,0,,0.3,9.3,2,1,0
2,2020-01-01 01:15:39,2020-01-01 01:30:29,N,1,97,256,1,3.11,13,0.5,0.5,0,0,,0.3,14.3,2,1,0
2,2020-01-01 01:35:00,2020-01-01 02:06:37,N,1,255,75,1,8.29,29.5,0.5,0.5,6.71,0,,0.3,40.26,1,1,2.75
2,2020-01-01 01:03:59,2020-01-01 01:10:45,N,1,7,226,1,1.31,6.5,0.5,0.5,0,0,,0.3,7.8,2,1,0
2,2020-01-01 01:18:52,2020-01-01 01:22:22,N,1,7,7,1,.63,4.5,0.5,0.5,1.16,0,,0.3,6.96,1,1,0
2,2020-01-01 01:25:04,2020-01-01 01:27:40,N,1,7,7,1,.43,4,0.5,0.5,0,0,,0.3,5.3,2,1,0
2,2020-01-01 01:33:16,2020-01-01 01:43:35,N,1,7,226,1,1.54,8.5,0.5,0.5,2.94,0,,0.3,12.74,1,1,0
2,2020-01-01 01:27:33,2020-01-01 01:36:36,N,1,223,260,5,3.24,11,0.5,0.5,0,0,,0.3,12.3,2,1,0
2,2020-01-01 01:56:36,2020-01-01 02:52:32,N,1,146,36,5,5.58,24,0.5,0.5,0,0,,0.3,25.3,2,1,0
2,2020-01-01 01:47:54,2020-01-01 02:06:10,N,1,56,7,1,4.23,16,0.5,0.5,0,0,,0.3,17.3,2,1,0
2,2020-01-01 01:21:48,2020-01-01 01:34:44,N,1,65,17,1,2.36,11,0.5,0.5,0,0,,0.3,12.3,2,1,0
2,2020-01-01 01:57:27,2020-01-01 02:19:27,N,1,66,37,1,5.00,19,0.5,0.5,4.06,0,,0.3,24.36,1,1,0
2,2020-01-01 01:31:54,2020-01-01 01:36:15,N,5,129,129,1,.87,10,0,0,0,0,,0.3,10.3,2,2,0
2,2020-01-01 01:50:01,2020-01-01 01:56:23,N,1,70,70,1,1.11,6.5,0.5,0.5,0,0,,0.3,7.8,2,1,0
2,2020-01-01 01:28:03,2020-01-01 01:41:23,N,1,235,119,1,2.41,11,0.5,0.5,0,0,,0.3,12.3,2,1,0
2,2020-01-01 01:50:40,2020-01-01 01:57:25,N,1,42,74,1,1.10,6.5,0.5,0.5,0,0,,0.3,7.8,2,1,0
2,2020-01-01 01:26:05,2020-01-01 01:59:35,N,1,65,37,1,6.67,25.5,0.5,0.5,5.36,0,,0.3,32.16,1,1,0
2,2020-01-01 01:04:43,2020-01-01 01:20:51,N,1,147,41,1,3.82,14,0.5,0.5,0,0,,0.3,15.3,2,1,0
2,2020-01-01 01:21:06,2020-01-01 01:28:17,N,1,41,74,1,.90,6.5,0.5,0.5,0,0,,0.3,7.8,2,1,0
2,2020-01-01 01:32:52,2020-01-01 01:39:56,N,1,41,42,1,1.03,7,0.5,0.5,0,0,,0.3,8.3,2,1,0
2,2020-01-01 01:42:14,2020-01-01 01:47:27,N,1,42,42,1,.62,5,0.5,0.5,0,0,,0.3,6.3,2,1,0
2,2020-01-01 01:15:26,2020-01-01 01:29:43,N,1,255,225,1,3.06,12.5,0.5,0.5,0,0,,0.3,13.8,2,1,0
2,2020-01-01 01:50:27,2020-01-01 01:56:45,N,1,255,256,1,.62,5.5,0.5,0.5,0,0,,0.3,6.8,2,1,0
2,2020-01-01 01:52:10,2020-01-01 02:11:18,N,1,7,42,1,5.44,19.5,0.5,0.5,5.38,6.12,,0.3,32.3,1,1,0
2,2020-01-01 01:09:41,2020-01-01 01:24:31,N,1,41,244,5,2.77,12.5,0.5,0.5,2.76,0,,0.3,16.56,1,1,0
2,2020-01-01 01:26:56,2020-01-01 01:29:57,N,1,244,244,5,.54,4.5,0.5,0.5,1.16,0,,0.3,6.96,1,1,0
1,2020-01-01 01:26:43,2020-01-01 01:43:28,N,1,80,4,1,3.20,14.5,3.25,0.5,0,0,,0.3,18.55,2,1,2.75
2,2020-01-01 01:18:27,2020-01-01 01:36:37,N,1,223,256,1,7.41,23,0.5,0.5,0,0,,0.3,24.3,2,1,0
2,2020-01-01 01:49:03,2020-01-01 01:55:39,N,1,41,42,1,.98,6,0.5,0.5,0,0,,0.3,7.3,2,1,0
2,2020-01-01 01:31:32,2020-01-01 01:37:25,N,1,74,238,1,2.03,8,0.5,0.5,0,0,,0.3,12.05,2,1,2.75
2,2020-01-01 01:56:43,2020-01-01 02:05:15,N,1,97,188,1,2.36,9,0.5,0.5,3.09,0,,0.3,13.39,1,1,0
2,2020-01-01 01:49:27,2020-01-01 02:01:57,N,1,74,116,1,2.37,11,0.5,0.5,0,0,,0.3,12.3,2,1,0
2,2020-01-01 01:25:51,2020-01-01 01:33:53,N,1,169,235,1,1.20,6.5,0.5,0.5,1.56,0,,0.3,9.36,1,1,0
2,2020-01-01 01:45:55,2020-01-01 02:04:32,N,1,153,69,1,4.39,16.5,0.5,0.5,0,0,,0.3,17.8,2,1,0
1,2020-01-01 01:13:47,2020-01-01 01:17:01,N,1,69,42,1,.70,4.5,0.5,0.5,0,0,,0.3,5.8,2,1,0
1,2020-01-01 01:22:39,2020-01-01 01:29:56,N,1,42,75,1,1.80,8,0.5,0.5,0,0,,0.3,9.3,2,1,0
1,2020-01-01 01:36:42,2020-01-01 01:56:01,N,1,41,182,1,7.00,23,0.5,0.5,0,0,,0.3,24.3,2,1,0
1,2020-01-01 01:44:53,2020-01-01 02:03:19,N,1,74,243,1,4.50,16.5,0.5,0.5,0,0,,0.3,17.8,2,1,0
2,2020-01-01 01:02:23,2020-01-01 01:03:35,N,1,7,7,5,.08,3,0.5,0.5,0,0,,0.3,4.3,2,1,0
2,2020-01-01 01:17:57,2020-01-01 01:29:03,N,1,7,129,5,2.95,11.5,0.5,0.5,3.2,0,,0.3,16,1,1,0
2,2020-01-01 01:42:05,2020-01-01 01:54:45,N,1,260,179,5,2.29,10,0.5,0.5,0,0,,0.3,11.3,2,1,0
1,2020-01-01 01:44:21,2020-01-01 02:01:51,N,1,95,7,1,.00,22.2,0,0.5,0,0,,0.3,23,1,1,0
2,2020-01-01 01:58:08,2020-01-01 02:06:35,N,1,146,179,1,1.78,8.5,0.5,0.5,2.45,0,,0.3,12.25,1,1,0
2,2020-01-01 01:03:50,2020-01-01 01:14:11,N,1,33,231,1,2.40,10.5,0.5,0.5,3.64,0,,0.3,18.19,1,1,2.75
2,2020-01-01 01:18:23,2020-01-01 01:21:34,N,1,42,42,5,.41,4,0.5,0.5,0,0,,0.3,5.3,2,1,0
2,2020-01-01 01:28:45,2020-01-01 02:06:00,N,1,41,87,5,10.73,35.5,0.5,0.5,11.86,0,,0.3,51.41,1,1,2.75
2,2020-01-01 01:06:38,2020-01-01 01:09:38,N,1,83,83,1,.41,4,0.5,0.5,1.59,0,,0.3,6.89,1,1,0
2,2020-01-01 01:19:12,2020-01-01 01:33:32,N,1,260,129,1,1.91,9.5,0.5,0.5,0,0,,0.3,10.8,2,1,0
2,2020-01-01 01:50:06,2020-01-01 01:55:44,N,1,260,260,1,.90,5.5,0.5,0.5,0,0,,0.3,6.8,2,1,0
2,2020-01-01 01:59:08,2020-01-01 02:08:23,N,1,247,74,1,2.91,10.5,0.5,0.5,0,0,,0.3,11.8,2,1,0
2,2020-01-01 01:39:29,2020-01-01 02:03:10,N,1,112,262,1,5.27,20,0.5,0.5,4.81,0,,0.3,30.81,1,1,2.75
2,2020-01-01 01:45:32,2020-01-01 01:53:57,N,1,65,256,1,2.71,10,0.5,0.5,0,0,,0.3,11.3,2,1,0
2,2020-01-01 01:55:20,2020-01-01 02:21:35,N,1,256,234,1,4.46,20,0.5,0.5,2,0,,0.3,26.05,1,1,2.75
2,2020-01-01 01:43:34,2020-01-01 01:47:52,N,1,223,223,1,.77,5,0.5,0.5,1.26,0,,0.3,7.56,1,1,0
2,2020-01-01 01:08:42,2020-01-01 01:19:42,N,1,248,78,1,2.01,9.5,0.5,0.5,0,0,,0.3,10.8,2,1,0
2,2020-01-01 01:01:52,2020-01-01 01:06:34,N,1,95,196,1,1.19,6,0.5,0.5,2.19,0,,0.3,9.49,1,1,0
2,2020-01-01 01:34:30,2020-01-01 01:39:13,N,1,95,95,1,.89,5.5,0.5,0.5,1.36,0,,0.3,8.16,1,1,0
2,2020-01-01 01:43:41,2020-01-01 01:55:22,N,1,95,82,1,2.46,11,0.5,0.5,2.46,0,,0.3,14.76,1,1,0
2,2020-01-01 01:21:33,2020-01-01 01:32:28,N,1,49,256,1,2.09,10,0.5,0.5,2.26,0,,0.3,13.56,1,1,0
2,2020-01-01 01:36:11,2020-01-01 01:41:13,N,1,256,255,1,.72,5,0.5,0.5,1.26,0,,0.3,7.56,1,1,0
2,2020-01-01 01:45:24,2020-01-01 02:17:53,N,1,255,263,1,7.12,26.5,0.5,0.5,6.11,0,,0.3,36.66,1,1,2.75
1,2020-01-01 01:47:27,2020-01-01 02:02:23,N,1,181,148,1,3.40,13.5,3.25,0.5,3,0,,0.3,20.55,1,1,2.75
2,2020-01-01 01:49:33,2020-01-01 02:14:10,N,1,112,14,1,13.64,38,0.5,0.5,3.45,0,,0.3,42.75,1,1,0
2,2020-01-01 01:40:44,2020-01-01 01:45:41,N,1,42,42,1,.70,5,0.5,0.5,0,0,,0.3,6.3,2,1,0
1,2020-01-01 01:11:46,2020-01-01 01:52:26,N,1,17,42,1,15.60,46,3.25,0.5,10,0,,0.3,60.05,1,1,2.75
2,2020-01-01 01:02:09,2020-01-01 01:18:36,N,1,168,244,2,2.71,13,0.5,0.5,0,0,,0.3,14.3,1,1,0
2,2020-01-01 01:34:45,2020-01-01 01:50:21,N,1,243,152,2,2.67,12.5,0.5,0.5,0,0,,0.3,13.8,2,1,0
2,2020-01-01 01:11:33,2020-01-01 01:23:27,N,1,25,61,1,2.61,11,0.5,0.5,0,0,,0.3,12.3,2,1,0
2,2020-01-01 01:35:58,2020-01-01 01:42:48,N,1,97,61,1,1.95,8,0.5,0.5,1.86,0,,0.3,11.16,1,1,0
1,2020-01-01 01:08:07,2020-01-01 01:40:08,N,1,7,11,4,15.10,43,0.5,0.5,0,0,,0.3,44.3,2,1,0
2,2020-01-01 01:26:20,2020-01-01 01:50:45,N,1,37,181,1,4.12,18,0.5,0.5,0,0,,0.3,19.3,2,1,0
2,2020-01-01 02:01:16,2020-01-01 02:06:48,N,1,40,52,1,1.18,6.5,0.5,0.5,0,0,,0.3,7.8,2,1,0
2,2020-01-01 01:20:11,2020-01-01 01:35:54,N,1,36,255,1,2.49,12.5,0.5,0.5,0,0,,0.3,13.8,2,1,0
2,2020-01-01 01:37:43,2020-01-01 01:51:33,N,1,255,148,1,2.63,12,0.5,0.5,3.21,0,,0.3,19.26,1,1,2.75
2,2020-01-01 01:02:44,2020-01-01 01:04:33,N,1,42,41,3,.31,3.5,0.5,0.5,0,0,,0.3,4.8,2,1,0
2,2020-01-01 01:40:51,2020-01-01 01:45:49,N,1,244,243,1,.60,5,0.5,0.5,0,0,,0.3,6.3,2,1,0
2,2020-01-01 01:13:46,2020-01-01 01:28:53,N,1,25,256,1,3.80,14,0.5,0.5,0,0,,0.3,15.3,2,1,0
1,2020-01-01 01:12:45,2020-01-01 01:20:49,N,1,255,112,1,1.40,7.5,0.5,0.5,1.75,0,,0.3,10.55,1,1,0
1,2020-01-01 01:28:08,2020-01-01 01:43:11,N,1,112,17,1,3.60,14,0.5,0.5,3.8,0,,0.3,19.1,1,1,0
1,2020-01-01 01:52:15,2020-01-01 02:07:54,N,1,256,4,1,2.60,13,3.25,0.5,3.4,0,,0.3,20.45,1,1,2.75
2,2020-01-01 01:39:28,2020-01-01 01:48:20,N,1,41,151,1,1.46,8,0.5,0.5,2.79,0,,0.3,12.09,1,1,0
1,2020-01-01 01:11:21,2020-01-01 01:17:32,N,1,75,74,1,1.40,6.5,0.5,0.5,1.55,0,,0.3,9.35,1,1,0
1,2020-01-01 01:25:12,2020-01-01 01:25:12,Y,1,75,264,1,.00,2.5,0.5,0.5,0,0,,0.3,3.8,2,1,0
1,2020-01-01 01:48:01,2020-01-01 02:02:15,N,1,75,137,1,4.10,15,3.25,0.5,0,0,,0.3,19.05,2,1,2.75
2,2020-01-01 01:20:01,2020-01-01 01:37:56,N,1,255,61,1,3.34,14.5,0.5,0.5,3.95,0,,0.3,19.75,1,1,0
1,2020-01-01 01:01:26,2020-01-01 01:07:15,N,1,260,260,1,.90,6,0.5,0.5,1.45,0,,0.3,8.75,1,1,0
2,2020-01-01 01:08:17,2020-01-01 01:16:40,N,1,42,244,1,1.77,8,0.5,0.5,0,0,,0.3,9.3,2,1,0
2,2020-01-01 01:22:58,2020-01-01 01:44:09,N,1,116,48,1,6.01,21.5,0.5,0.5,6.39,0,,0.3,31.94,1,1,2.75
2,2020-01-01 01:58:50,2020-01-01 02:12:42,N,1,226,7,1,1.80,10.5,0.5,0.5,0,0,,0.3,11.8,2,1,0
2,2020-01-01 01:00:48,2020-01-01 01:10:51,N,1,75,263,1,1.29,8.5,0.5,0.5,0,0,,0.3,12.55,2,1,2.75
2,2020-01-01 01:12:53,2020-01-01 01:16:32,N,1,75,74,1,.93,5,0.5,0.5,0,0,,0.3,6.3,2,1,0
2,2020-01-01 01:17:03,2020-01-01 01:25:41,N,1,25,195,1,1.78,8,0.5,0.5,0,0,,0.3,9.3,2,1,0
2,2020-01-01 01:32:09,2020-01-01 01:48:05,N,1,40,17,1,3.47,14,0.5,0.5,3.06,0,,0.3,18.36,1,1,0
2,2020-01-01 01:51:08,2020-01-01 02:03:24,N,1,17,188,1,2.53,10.5,0.5,0.5,5,0,,0.3,16.8,1,1,0
2,2020-01-01 01:55:32,2020-01-01 02:10:36,N,1,112,33,1,4.20,15,0.5,0.5,4.08,0,,0.3,20.38,1,1,0
1,2020-01-01 01:43:52,2020-01-01 01:56:10,N,1,181,228,1,2.20,11,0.5,0.5,0,0,,0.3,12.3,2,1,0
2,2020-01-01 01:10:00,2020-01-01 01:23:11,N,1,256,148,1,2.44,11.5,0.5,0.5,0,0,,0.3,15.55,2,1,2.75
2,2020-01-01 01:39:40,2020-01-01 01:48:02,N,1,52,228,1,2.05,9,0.5,0.5,2.58,0,,0.3,12.88,1,1,0
2,2020-01-01 01:27:48,2020-01-01 01:36:34,N,1,226,7,1,1.32,8,0.5,0.5,0,0,,0.3,9.3,1,1,0
2,2020-01-01 01:38:00,2020-01-01 01:41:41,N,1,7,260,1,.76,4.5,0.5,0.5,1.8,0,,0.3,7.6,1,1,0
2,2020-01-01 01:23:45,2020-01-01 01:33:07,N,1,244,116,2,1.56,8.5,0.5,0.5,0,0,,0.3,9.8,2,1,0
2,2020-01-01 01:37:14,2020-01-01 01:40:19,N,1,116,152,1,.75,4.5,0.5,0.5,0,0,,0.3,5.8,2,1,0
2,2020-01-01 01:42:59,2020-01-01 01:54:10,N,1,152,42,2,1.93,9.5,0.5,0.5,0,0,,0.3,10.8,2,1,0
2,2020-01-01 01:56:47,2020-01-01 02:16:38,N,1,42,162,1,7.47,23.5,0.5,0.5,0,0,,0.3,27.55,2,1,2.75
1,2020-01-01 01:44:25,2020-01-01 02:06:23,N,1,255,225,1,3.40,16,0.5,0.5,5.15,0,,0.3,22.45,1,1,0
1,2020-01-01 01:10:16,2020-01-01 01:16:18,N,1,130,130,2,.80,6,0.5,0.5,0,0,,0.3,7.3,1,1,0
1,2020-01-01 01:59:49,2020-01-01 02:06:31,N,1,260,129,1,1.10,7,0.5,0.5,1,0,,0.3,9.3,1,1,0
2,2020-01-01 01:53:48,2020-01-01 02:27:23,N,1,33,37,1,4.61,22,0.5,0.5,4.66,0,,0.3,32.91,1,1,0
2,2020-01-01 01:43:06,2020-01-01 01:57:42,N,1,166,42,1,2.06,10,0.5,0.5,3,0,,0.3,14.3,1,1,0
1,2020-01-01 01:51:37,2020-01-01 02:19:00,Y,1,256,89,1,9.60,30,0.5,0.5,7.8,0,,0.3,39.1,1,1,0
2,2020-01-01 01:28:00,2020-01-01 01:28:08,N,1,260,260,1,.00,2.5,0.5,0.5,0,0,,0.3,3.8,2,1,0
2,2020-01-01 01:07:00,2020-01-01 01:20:04,N,1,7,129,6,2.62,11.5,0.5,0.5,0,0,,0.3,12.8,2,1,0
2,2020-01-01 01:24:11,2020-01-01 02:28:28,N,5,129,76,1,13.59,35,0,0,0,0,,0.3,35.3,2,2,0
2,2020-01-01 01:12:42,2020-01-01 01:13:03,N,1,217,217,3,.00,2.5,0.5,0.5,0,0,,0.3,3.8,2,1,0
2,2020-01-01 01:14:13,2020-01-01 01:24:44,N,1,40,97,1,2.28,9.5,0.5,0.5,1.08,0,,0.3,13.83,1,1,0
2,2020-01-01 01:21:52,2020-01-01 01:28:35,N,1,181,181,1,1.12,6.5,0.5,0.5,0,0,,0.3,7.8,2,1,0
2,2020-01-01 01:37:32,2020-01-01 01:43:28,N,1,65,40,2,1.42,6.5,0.5,0.5,1.56,0,,0.3,9.36,1,1,0
2,2020-01-01 01:47:58,2020-01-01 01:59:55,N,1,25,97,2,1.69,9.5,0.5,0.5,2.16,0,,0.3,12.96,1,1,0
1,2020-01-01 01:50:13,2020-01-01 01:57:55,N,1,7,226,1,1.30,7,0.5,0.5,0,0,,0.3,8.3,2,1,0
2,2020-01-01 01:04:35,2020-01-01 01:18:51,N,1,42,239,1,2.92,12.5,0.5,0.5,4.14,0,,0.3,20.69,1,1,2.75
2,2020-01-01 01:27:24,2020-01-01 01:33:19,N,1,24,75,1,1.05,6,0.5,0.5,0,0,,0.3,7.3,2,1,0
2,2020-01-01 01:48:08,2020-01-01 01:53:59,N,1,41,42,1,1.19,6.5,0.5,0.5,1.56,0,,0.3,9.36,1,1,0
2,2020-01-01 01:19:20,2020-01-01 01:34:56,N,1,49,256,1,2.78,12.5,0.5,0.5,3.45,0,,0.3,17.25,1,1,0
2,2020-01-01 01:50:27,2020-01-01 01:54:30,N,1,49,97,1,1.14,5.5,0.5,0.5,0,0,,0.3,6.8,2,1,0
2,2020-01-01 01:55:50,2020-01-01 02:13:41,N,1,97,72,1,4.28,15.5,0.5,0.5,0,0,,0.3,16.8,2,1,0
2,2020-01-01 01:23:53,2020-01-01 01:41:18,N,1,116,143,2,4.49,16,0.5,0.5,4.01,0,,0.3,24.06,1,1,2.75
2,2020-01-01 01:02:20,2020-01-01 01:08:07,N,1,244,152,1,1.14,6.5,0.5,0.5,1.56,0,,0.3,9.36,1,1,0
2,2020-01-01 01:19:07,2020-01-01 01:21:52,N,1,166,166,1,.56,4,0.5,0.5,1.06,0,,0.3,6.36,1,1,0
2,2020-01-01 01:43:54,2020-01-01 02:02:06,N,1,74,80,1,9.40,27.5,0.5,0.5,6.98,6.12,,0.3,41.9,1,1,0
1,2020-01-01 01:36:10,2020-01-01 01:41:22,N,1,210,150,1,.90,5.5,0.5,0.5,1,0,,0.3,7.8,1,1,0
2,2020-01-01 01:32:06,2020-01-01 01:47:22,N,1,226,263,1,3.92,15,0.5,0.5,5.72,0,,0.3,24.77,1,1,2.75
2,2020-01-01 01:32:12,2020-01-01 01:39:38,N,1,130,10,2,1.80,8,0.5,0.5,1.86,0,,0.3,11.16,1,1,0
2,2020-01-01 01:52:08,2020-01-01 02:04:58,N,1,130,219,2,5.80,18,0.5,0.5,3.86,0,,0.3,23.16,1,1,0
2,2020-01-01 01:50:55,2020-01-01 03:07:05,N,1,17,90,1,20.64,71.5,0.5,0.5,0,6.12,,0.3,78.92,1,1,0
2,2020-01-01 01:12:17,2020-01-01 01:32:04,N,1,95,146,1,8.77,26.5,0.5,0.5,0,0,,0.3,27.8,2,1,0
2,2020-01-01 01:40:24,2020-01-01 01:57:45,N,1,226,95,1,5.38,18.5,0.5,0.5,3.96,0,,0.3,23.76,1,1,0
2,2020-01-01 01:34:52,2020-01-01 01:43:50,N,1,92,252,1,3.24,12,0.5,0.5,2.66,0,,0.3,15.96,1,1,0
2,2020-01-01 01:59:37,2020-01-01 02:06:57,N,1,167,168,1,1.58,7.5,0.5,0.5,1.76,0,,0.3,10.56,1,1,0
1,2020-01-01 01:07:53,2020-01-01 01:18:11,N,1,82,7,1,2.30,10.5,0.5,0.5,0,0,,0.3,11.8,2,1,0
1,2020-01-01 01:27:53,2020-01-01 01:34:40,N,1,83,129,1,.40,6,0.5,0.5,0,0,,0.3,7.3,2,1,0
2,2020-01-01 01:00:50,2020-01-01 01:11:55,N,1,42,41,3,1.67,9.5,0.5,0.5,0.2,0,,0.3,11,1,1,0
2,2020-01-01 01:17:21,2020-01-01 01:26:01,N,1,41,238,2,1.56,8,0.5,0.5,0.02,0,,0.3,9.32,1,1,0
2,2020-01-01 01:42:25,2020-01-01 02:13:39,N,1,166,148,2,10.02,32,0.5,0.5,9.01,0,,0.3,45.06,1,1,2.75
2,2020-01-01 01:22:55,2020-01-01 01:31:15,N,1,41,24,1,.87,6,0.5,0.5,0.75,0,,0.3,8.05,1,1,0
2,2020-01-01 01:50:51,2020-01-01 02:09:12,N,1,166,241,1,7.64,23,0.5,0.5,0,0,,0.3,24.3,2,1,0
2,2020-01-01 01:03:45,2020-01-01 01:16:19,N,1,74,238,1,2.09,10.5,0.5,0.5,5,0,,0.3,16.8,1,1,0
2,2020-01-01 01:50:11,2020-01-01 02:06:24,N,1,17,37,1,2.57,12.5,0.5,0.5,3.45,0,,0.3,19.2,1,1,0
2,2020-01-01 01:13:25,2020-01-01 01:16:06,N,1,75,75,1,.47,4,0.5,0.5,0,0,,0.3,5.3,2,1,0
2,2020-01-01 01:51:36,2020-01-01 01:59:14,N,1,168,167,1,1.28,7,0.5,0.5,0,0,,0.3,8.3,2,1,0
2,2020-01-01 01:20:25,2020-01-01 01:27:48,N,1,260,226,1,1.39,7,0.5,0.5,0,0,,0.3,8.3,2,1,0
2,2020-01-01 01:36:45,2020-01-01 01:49:04,N,1,145,7,1,2.14,10.5,0.5,0.5,2.95,0,,0.3,14.75,1,1,0
2,2020-01-01 01:50:31,2020-01-01 01:57:37,N,1,7,7,1,1.46,7,0.5,0.5,0,0,,0.3,8.3,2,1,0
2,2020-01-01 01:21:14,2020-01-01 01:29:46,N,1,92,192,1,1.91,9,0.5,0.5,1.8,0,,0.3,12.1,1,1,0
2,2020-01-01 01:05:33,2020-01-01 01:16:54,N,1,152,151,1,1.59,8.5,0.5,0.5,2.94,0,,0.3,12.74,1,1,0
2,2020-01-01 01:00:23,2020-01-01 01:28:15,N,1,256,198,3,3.44,18.5,0.5,0.5,0,0,,0.3,19.8,2,1,0
2,2020-01-01 01:43:18,2020-01-01 01:53:40,N,1,129,70,1,2.01,8.5,0.5,0.5,0,0,,0.3,9.8,2,1,0
2,2020-01-01 01:45:03,2020-01-01 01:51:09,N,1,173,56,1,1.29,6.5,0.5,0.5,1.56,0,,0.3,9.36,1,1,0
2,2020-01-01 01:15:37,2020-01-01 01:29:17,N,1,7,56,1,6.64,20,0.5,0.5,0,0,,0.3,21.3,2,1,0
2,2020-01-01 01:43:04,2020-01-01 01:55:07,N,1,82,129,1,1.49,9.5,0.5,0.5,0,0,,0.3,10.8,2,1,0
2,2020-01-01 00:22:10,2020-01-01 00:31:30,N,1,51,51,1,1.81,8.5,0.5,0.5,0,0,,0.3,9.8,1,1,0
2,2020-01-01 00:57:36,2020-01-01 01:10:53,N,1,208,18,1,5.85,18.5,0.5,0.5,0,0,,0.3,19.8,1,1,0
2,2020-01-01 01:35:55,2020-01-01 01:46:09,N,1,181,25,2,2.18,9.5,0.5,0.5,0,0,,0.3,10.8,2,1,0
2,2020-01-01 01:53:58,2020-01-01 02:09:56,N,1,106,14,2,5.65,19,0.5,0.5,0,0,,0.3,20.3,2,1,0
2,2020-01-01 01:55:21,2020-01-01 02:06:01,N,1,82,129,1,1.62,9,0.5,0.5,0,0,,0.3,10.3,2,1,0
2,2020-01-01 01:11:41,2020-01-01 01:11:43,N,5,264,264,1,.00,10,0,0,0,0,,0.3,10.3,1,2,0
2,2020-01-01 01:52:37,2020-01-01 02:09:16,N,1,130,191,1,4.21,15.5,0.5,0.5,0,0,,0.3,16.8,2,1,0
2,2020-01-01 01:18:51,2020-01-01 01:26:31,N,1,263,236,5,1.08,6.5,0.5,0.5,2.11,0,,0.3,12.66,1,1,2.75
2,2020-01-01 01:41:22,2020-01-01 01:57:46,N,1,145,223,5,3.29,14,0.5,0.5,3.06,0,,0.3,18.36,1,1,0
1,2020-01-01 01:09:39,2020-01-01 01:09:47,N,1,223,223,1,13.50,2.5,0.5,0.5,0,0,,0.3,3.8,4,1,0
2,2020-01-01 01:12:13,2020-01-01 01:18:49,N,1,66,65,1,1.05,6.5,0.5,0.5,0,0,,0.3,7.8,2,1,0
2,2020-01-01 01:24:45,2020-01-01 01:36:10,N,1,66,13,1,3.34,12.5,0.5,0.5,0,0,,0.3,16.55,2,1,2.75
2,2020-01-01 01:48:25,2020-01-01 02:17:53,N,1,66,141,1,7.55,27,0.5,0.5,4.66,0,,0.3,35.71,1,1,2.75
1,2020-01-01 01:16:13,2020-01-01 01:36:23,N,1,7,182,1,8.40,26,0.5,0.5,0,6.12,,0.3,33.42,2,1,0
1,2020-01-01 01:56:42,2020-01-01 02:09:45,N,1,179,112,1,6.60,20,0.5,0.5,4.25,0,,0.3,25.55,1,1,0
1,2020-01-01 01:16:52,2020-01-01 01:36:48,N,1,75,116,1,3.60,16,0.5,0.5,0,0,,0.3,17.3,2,1,0
1,2020-01-01 01:50:46,2020-01-01 02:01:51,N,1,166,74,1,1.70,9,0.5,0.5,0,0,,0.3,10.3,2,1,0
2,2020-01-01 01:33:28,2020-01-01 01:54:07,N,1,7,17,1,8.59,26.5,0.5,0.5,2,0,,0.3,29.8,1,1,0
1,2020-01-01 01:18:52,2020-01-01 01:25:09,N,1,116,42,2,1.00,6,0.5,0.5,0,0,,0.3,7.3,2,1,0
1,2020-01-01 01:30:36,2020-01-01 01:38:32,N,1,42,74,1,1.30,7.5,0.5,0.5,2.2,0,,0.3,11,1,1,0
1,2020-01-01 01:43:12,2020-01-01 01:51:57,N,1,75,238,2,2.00,9,3.25,0.5,2.6,0,,0.3,15.65,1,1,2.75
2,2020-01-01 01:24:48,2020-01-01 02:05:50,N,1,33,162,1,6.63,32,0.5,0.5,0,0,,0.3,36.05,2,1,2.75
2,2020-01-01 01:29:40,2020-01-01 01:36:26,N,5,255,255,2,.05,65,0,0,0,0,,0.3,65.3,2,2,0
2,2020-01-01 01:15:32,2020-01-01 01:38:02,N,5,80,243,2,13.43,65,0,0,0,6.12,,0.3,71.42,1,2,0
2,2020-01-01 01:28:11,2020-01-01 01:36:02,N,1,66,52,6,1.71,8,0.5,0.5,1.86,0,,0.3,11.16,1,1,0
2,2020-01-01 01:45:12,2020-01-01 02:06:19,N,1,33,114,6,3.84,16.5,0.5,0.5,4.11,0,,0.3,24.66,1,1,2.75
2,2020-01-01 01:47:59,2020-01-01 02:01:37,N,1,74,235,1,5.18,17,0.5,0.5,0,0,,0.3,18.3,2,1,0
2,2020-01-01 01:27:51,2020-01-01 01:35:37,N,1,129,223,1,2.50,9,0.5,0.5,0,0,,0.3,10.3,2,1,0
2,2020-01-01 01:00:40,2020-01-01 01:08:34,N,1,255,256,1,.94,6.5,0.5,0.5,1.56,0,,0.3,9.36,1,1,0
2,2020-01-01 01:10:09,2020-01-01 01:26:24,N,1,255,36,1,2.65,12.5,0.5,0.5,0,0,,0.3,13.8,2,1,0
2,2020-01-01 01:29:51,2020-01-01 01:53:01,N,1,36,61,1,3.75,16.5,0.5,0.5,4.45,0,,0.3,22.25,1,1,0
2,2020-01-01 01:06:28,2020-01-01 01:22:19,N,1,255,49,2,3.05,13.5,0.5,0.5,2.96,0,,0.3,17.76,1,1,0
2,2020-01-01 01:13:36,2020-01-01 01:25:53,N,1,7,82,1,2.76,11.5,0.5,0.5,0,0,,0.3,12.8,2,1,0
2,2019-12-31 20:27:53,2020-01-01 19:45:52,N,1,223,130,5,10.19,29.5,0.5,0.5,6.16,0,,0.3,36.96,1,1,0
2,2020-01-01 01:03:47,2020-01-01 01:07:20,N,1,74,41,1,.60,4.5,0.5,0.5,0,0,,0.3,5.8,2,1,0